Fecha de cotización;Apertura;Cierre;Máximo;Mínimo;Promedio;Cantidad negociada;Monto negociado (S/);Fecha anterior;Cierre anterior corregido
29/12/2023;6.2;6.3;6.3;6.2;6.249283084;661430;4133463.31;28/12/2023;6.2
28/12/2023;6.25;6.2;6.25;6;6.161318196;21977;135407.29;27/12/2023;6.2
27/12/2023;6.2;6.2;6.2;6.18;6.197187355;64562;400102.81;26/12/2023;6.2
26/12/2023;6.2;6.2;6.2;6.2;6.19981992;49478;306754.69;22/12/2023;6.21
22/12/2023;6.21;6.21;6.21;6.21;6.21;161941;1005653.61;21/12/2023;6.21
21/12/2023;6.3;6.21;6.3;6.18;6.26285369;63297;396419.85;20/12/2023;6.25
20/12/2023;6.25;6.25;6.25;6.15;6.20336846;24388;151287.75;19/12/2023;6.2
19/12/2023;6.2;6.2;6.21;6.2;6.200193896;264575;1640416.3;18/12/2023;6.2
18/12/2023;6.2;6.2;6.2;6.05;6.19202916;24966;154590.2;15/12/2023;6.2
15/12/2023;6.1;6.2;6.2;6;6.174031729;144097;889659.45;14/12/2023;6.1
14/12/2023;6.05;6.1;6.1;6.05;6.090748692;101911;620714.29;13/12/2023;5.95
13/12/2023;5.9;5.95;5.95;5.9;5.912267506;13495;79786.05;12/12/2023;5.9
12/12/2023;5.9;5.9;5.91;5.9;5.903928949;31217;184302.95;11/12/2023;5.9
11/12/2023;5.9;5.9;5.9;5.9;5.899601926;109653;646909.05;7/12/2023;5.85
7/12/2023;5.85;5.85;5.85;5.85;5.852460956;2113;12366.25;6/12/2023;5.9
6/12/2023;5.9;5.9;5.9;5.9;5.900030967;4521;26674.04;5/12/2023;5.9
5/12/2023;5.85;5.9;5.9;5.85;5.894755942;81292;479196.5;4/12/2023;5.82
4/12/2023;5.8;5.82;5.82;5.8;5.808763882;10355;60149.75;1/12/2023;5.75
1/12/2023;5.75;5.75;5.8;5.75;5.793372005;636814;3689300.4;30/11/2023;5.78
30/11/2023;5.78;5.78;5.78;5.78;5.779992982;196628;1136508.46;29/11/2023;5.85
29/11/2023;5.79;5.85;5.85;5.75;5.848899698;2030034;11873465.25;28/11/2023;5.85
28/11/2023;5.85;5.85;5.85;5.85;5.850385298;24786;145007.65;27/11/2023;5.8
27/11/2023;5.7;5.8;5.8;5.7;5.748374473;41525;238701.25;24/11/2023;5.75
24/11/2023;5.7;5.75;5.75;5.7;5.741864022;26872;154295.37;23/11/2023;5.75
23/11/2023;5.7;5.75;5.78;5.7;5.749768286;318021;1828547.06;22/11/2023;5.75
22/11/2023;5.75;5.75;5.75;5.75;5.750534368;17778;102233;21/11/2023;5.75
21/11/2023;5.75;5.75;5.75;5.7;5.744711787;23212;133346.25;20/11/2023;5.75
20/11/2023;5.85;5.75;5.85;5.75;5.801741993;8961;51989.41;17/11/2023;5.9
17/11/2023;5.81;5.9;5.9;5.81;5.890670809;24463;144103.48;16/11/2023;5.75
16/11/2023;5.75;5.75;5.75;5.75;5.75053693;3818;21955.55;15/11/2023;5.7
15/11/2023;5.7;5.7;5.7;5.7;5.700746402;44614;254333.1;14/11/2023;5.75
14/11/2023;5.8;5.75;5.8;5.75;5.765543364;37093;213861.3;13/11/2023;5.85
13/11/2023;5.85;5.85;5.85;5.85;5.86290469;6610;38753.8;10/11/2023;5.9
10/11/2023;5.9;5.9;5.9;5.9;5.900033052;18153;107103.3;9/11/2023;5.85
9/11/2023;5.85;5.85;5.85;5.85;5.844636776;1762;10298.25;8/11/2023;5.8
8/11/2023;5.8;5.8;5.8;5.8;5.809996915;3241;18830.2;7/11/2023;5.7
7/11/2023;5.7;5.7;5.7;5.7;5.699939025;278805;1589171.5;6/11/2023;5.7
6/11/2023;5.6;5.7;5.7;5.6;5.669018422;10585;60006.56;3/11/2023;5.6
3/11/2023;5.6;5.6;5.65;5.6;5.603830942;127282;713266.81;2/11/2023;5.61
2/11/2023;5.7;5.61;5.7;5.57;5.60316678;88260;494535.5;31/10/2023;5.8
31/10/2023;5.85;5.8;5.85;5.8;5.832555008;21906;127767.95;30/10/2023;5.85
30/10/2023;5.9;5.85;5.9;5.85;5.888943696;133295;784966.75;27/10/2023;5.95
27/10/2023;5.9;5.95;5.95;5.9;5.903445981;91643;541009.5;26/10/2023;5.9
26/10/2023;5.9;5.9;5.9;5.9;5.900156187;9988;58930.76;25/10/2023;5.9
25/10/2023;5.95;5.9;5.95;5.9;5.912175076;8602;50856.53;24/10/2023;5.9
24/10/2023;6;5.9;6;5.9;5.938671604;8642;51322;23/10/2023;5.9
23/10/2023;5.9;5.9;6;5.9;5.900861702;225484;1330549.9;20/10/2023;5.9
20/10/2023;5.9;5.9;5.9;5.9;5.899649116;80910;477340.61;19/10/2023;5.84
19/10/2023;5.84;5.84;5.84;5.84;5.83921314;7854;45861.18;18/10/2023;5.78
18/10/2023;5.64;5.78;5.78;5.6;5.777361378;304462;1758987;17/10/2023;5.78
17/10/2023;5.75;5.78;5.8;5.75;5.783228695;222545;1287028.63;16/10/2023;5.75
16/10/2023;5.9;5.75;5.9;5.75;5.821165261;34267;199473.87;13/10/2023;5.95
13/10/2023;5.95;5.95;5.95;5.95;5.952685375;19528;116244.04;11/10/2023;5.99
12/10/2023;;;;;6;555;3330;11/10/2023;5.99
11/10/2023;6;5.99;6;5.99;5.999811945;130334;781979.49;10/10/2023;6
10/10/2023;6;6;6;6;5.990527547;3848;23051.55;9/10/2023;5.96
9/10/2023;6;5.96;6;5.96;5.999483512;95162;570922.85;6/10/2023;6.1
6/10/2023;6.15;6.1;6.15;6.1;6.117489459;17076;104462.25;5/10/2023;6.15
5/10/2023;6.16;6.15;6.16;6.15;6.15918341;113276;697687.66;4/10/2023;6.18
4/10/2023;6.18;6.18;6.18;6.18;6.181857062;3554;21970.32;3/10/2023;6.19
3/10/2023;6.2;6.19;6.2;6.16;6.175525086;13055;80621.48;2/10/2023;6.2
2/10/2023;6.16;6.2;6.2;6.16;6.195070294;12092;74910.79;29/09/2023;6.2
29/09/2023;6.2;6.2;6.2;6.2;6.198888369;8546;52975.7;28/09/2023;6.22
28/09/2023;6.2;6.22;6.22;6.2;6.205201723;8824;54754.7;27/09/2023;6.15
27/09/2023;6.19;6.15;6.2;6.15;6.172744414;10607;65474.3;26/09/2023;6.15
26/09/2023;6.18;6.15;6.18;6.15;6.176771858;115757;715004.58;25/09/2023;6.2
25/09/2023;6.2;6.2;6.2;6.2;6.199145718;4893;30332.42;21/09/2023;6.2
22/09/2023;;;;;6.227013177;683;4253.05;21/09/2023;6.2
21/09/2023;6.2;6.2;6.2;6.2;6.199627204;1985;12306.26;20/09/2023;6.19
20/09/2023;6.15;6.19;6.19;6.15;6.187533828;16037;99229.48;19/09/2023;6.19
19/09/2023;6.19;6.19;6.19;6.19;6.186180371;7540;46643.8;15/09/2023;6.19
18/09/2023;;;;;6.224137931;899;5595.5;15/09/2023;6.19
15/09/2023;6.25;6.19;6.25;6.19;6.195407262;64332;398562.94;14/09/2023;6.25
14/09/2023;6.18;6.25;6.25;6.18;6.244011375;55208;344719.38;13/09/2023;6.23
13/09/2023;6.2;6.23;6.23;6.2;6.200403473;301036;1866544.66;12/09/2023;6.2
12/09/2023;6.24;6.2;6.24;6.2;6.203964626;268840;1667873.85;11/09/2023;6.24
11/09/2023;6.25;6.24;6.25;6.24;6.24990397;321047;2006512.92;8/09/2023;6.25
8/09/2023;6.25;6.25;6.25;6.25;6.250668946;13454;84096.5;7/09/2023;6.25
7/09/2023;6.25;6.25;6.29;6.25;6.251410683;161638;1010465.52;6/09/2023;6.25
6/09/2023;6.25;6.25;6.25;6.25;6.254369806;1444;9031.31;5/09/2023;6.25
5/09/2023;6.33;6.25;6.33;6.25;6.260489611;48467;303427.15;4/09/2023;6.3
4/09/2023;6.3;6.3;6.3;6.3;6.296704643;7022;44215.46;1/09/2023;6.35
1/09/2023;6.35;6.35;6.35;6.25;6.306900954;48957;308766.95;31/08/2023;6.35
31/08/2023;6.25;6.35;6.35;6.25;6.307066318;228099;1438635.52;29/08/2023;6.26
29/08/2023;6.25;6.26;6.35;6.25;6.303184686;4597;28975.74;28/08/2023;6.3
28/08/2023;6.3;6.3;6.3;6.3;6.292428901;2602;16372.9;25/08/2023;6.25
25/08/2023;6.25;6.25;6.25;6.24;6.241835942;202038;1261088.05;24/08/2023;6.25
24/08/2023;6.28;6.25;6.28;6.25;6.251117419;440211;2751810.65;23/08/2023;6.3
23/08/2023;6.3;6.3;6.3;6.3;6.300595633;52482;330667.86;22/08/2023;6.3
22/08/2023;6.3;6.3;6.3;6.3;6.305239187;10034;63266.77;21/08/2023;6.25
21/08/2023;6.4;6.25;6.4;6.25;6.31887907;53527;338230.64;18/08/2023;6.4
18/08/2023;6.25;6.4;6.4;6.2;6.229719748;168955;1052542.3;17/08/2023;6.3
17/08/2023;6.35;6.3;6.35;6.25;6.28595866;73827;464073.47;16/08/2023;6.25
16/08/2023;6.38;6.25;6.4;6.2;6.268927889;559280;3506085.99;15/08/2023;6.4
15/08/2023;6.39;6.4;6.4;6.39;6.399006325;34468;220560.95;14/08/2023;6.4
14/08/2023;6.45;6.4;6.5;6.4;6.451718878;15865;102356.52;11/08/2023;6.4
11/08/2023;6.45;6.4;6.45;6.4;6.408873807;52895;338997.38;10/08/2023;6.4
10/08/2023;6.5;6.4;6.51;6.4;6.469400108;151544;980398.77;9/08/2023;6.5
9/08/2023;6.59;6.5;6.6;6.5;6.559955203;121436;796614.72;8/08/2023;6.59
8/08/2023;6.76;6.59;6.76;6.5;6.59417379;203199;1339929.52;7/08/2023;7.1
7/08/2023;7.1;7.1;7.1;7.1;7.099844875;47639;338229.51;4/08/2023;7.1
4/08/2023;7;7.1;7.15;7;7.09932874;627313;4453501.21;3/08/2023;6.91
3/08/2023;6.98;6.91;6.98;6.91;6.92553624;10527;72905.12;2/08/2023;7.3
2/08/2023;7.1;7.3;7.3;7.1;7.295136463;2419932;17653734.17;1/08/2023;7.25
1/08/2023;7.08;7.25;7.25;6.99;7.179990979;311491;2236502.57;31/07/2023;7.1
31/07/2023;7;7.1;7.1;7;7.035541456;87551;615968.69;27/07/2023;7
27/07/2023;7;7;7;7;7.003620635;6300;44122.81;26/07/2023;7.03
26/07/2023;7.05;7.03;7.05;7;7.03458842;199694;1404765.1;25/07/2023;7.05
25/07/2023;7;7.05;7.07;6.9;6.977525289;279168;1947901.78;24/07/2023;7.05
24/07/2023;7.1;7.05;7.1;7;7.028696614;18076;127050.72;21/07/2023;7.1
21/07/2023;7.1;7.1;7.1;7.08;7.098961822;148857;1056730.16;20/07/2023;7.11
20/07/2023;7.1;7.11;7.11;7.1;7.102610752;19029;135155.58;19/07/2023;7.1
19/07/2023;7.1;7.1;7.1;7.1;7.096262789;11142;79066.56;18/07/2023;7.13
18/07/2023;7.15;7.13;7.15;7.1;7.144012334;58375;417031.72;17/07/2023;7.13
17/07/2023;7.12;7.13;7.15;7.12;7.139280648;20866;148968.23;14/07/2023;7.17
14/07/2023;7.15;7.17;7.17;7.15;7.160513476;31316;224238.64;13/07/2023;7.15
13/07/2023;7.16;7.15;7.17;7.15;7.151196432;220305;1575444.33;12/07/2023;7.15
12/07/2023;7.15;7.15;7.15;7.13;7.149759118;209231;1495951.25;11/07/2023;7.13
11/07/2023;7.1;7.13;7.13;7;7.093804433;138060;979370.64;10/07/2023;7.1
10/07/2023;7;7.1;7.12;7;7.062251633;256707;1812929.43;7/07/2023;6.4
7/07/2023;6.25;6.4;6.4;6.25;6.308074473;50085;315939.91;6/07/2023;6.2
6/07/2023;6.2;6.2;6.2;6.2;6.200237186;12311;76331.12;5/07/2023;6.2
5/07/2023;6.2;6.2;6.21;6.2;6.200625372;97542;604821.4;4/07/2023;6.2
4/07/2023;6.25;6.2;6.25;6.2;6.22139539;28200;175443.35;3/07/2023;6.25
3/07/2023;6.26;6.25;6.26;6.25;6.258237288;8555;53539.22;30/06/2023;6.26
30/06/2023;6.25;6.26;6.26;6.25;6.257898705;25332;158525.09;28/06/2023;6.25
28/06/2023;6.26;6.25;6.26;6.25;6.250846803;53082;331807.45;27/06/2023;6.25
27/06/2023;6.3;6.25;6.3;6.25;6.251777089;198752;1242553.2;26/06/2023;6.4
26/06/2023;6.5;6.4;6.5;6.4;6.407523769;25559;163769.9;23/06/2023;6.5
23/06/2023;6.55;6.5;6.55;6.5;6.509345747;9935;64670.35;22/06/2023;6.55
22/06/2023;6.55;6.55;6.55;6.55;6.550142315;19253;126109.89;21/06/2023;6.55
21/06/2023;6.55;6.55;6.55;6.45;6.538315708;304769;1992675.94;20/06/2023;6.6
20/06/2023;6.54;6.6;6.61;6.54;6.599100525;141427;933290.99;19/06/2023;6.51
19/06/2023;6.34;6.51;6.51;6.34;6.42961039;115346;741629.84;16/06/2023;6.3
16/06/2023;6.29;6.3;6.3;6.29;6.297072507;110569;696261.01;15/06/2023;6.25
15/06/2023;6.25;6.25;6.25;6.25;6.249924336;371113;2319428.17;14/06/2023;6.2
14/06/2023;6.3;6.2;6.3;6.2;6.229225496;26843;167211.1;13/06/2023;6.29
13/06/2023;6.2;6.29;6.3;6.2;6.247883106;186939;1167973.02;12/06/2023;6.17
12/06/2023;6.15;6.17;6.17;6.15;6.161804449;19197;118288.16;9/06/2023;6.15
9/06/2023;6.15;6.15;6.2;6.15;6.179746345;43918;271402.1;8/06/2023;6.15
8/06/2023;6.2;6.15;6.2;6.15;6.160643098;5940;36594.22;7/06/2023;6.2
7/06/2023;6.2;6.2;6.2;6.2;6.200032911;7900;48980.26;6/06/2023;6.2
6/06/2023;6.21;6.2;6.21;6.2;6.200117308;219337;1359915.13;5/06/2023;6.2
5/06/2023;6.2;6.2;6.2;6.2;6.199276114;56846;352404.05;2/06/2023;6.2
2/06/2023;6.19;6.2;6.2;6.19;6.199705588;65962;408944.98;1/06/2023;6.2
1/06/2023;6.3;6.2;6.3;6.2;6.229970772;690100;4299302.83;31/05/2023;6.2
31/05/2023;6.08;6.2;6.2;6.08;6.197939422;779199;4829428.2;30/05/2023;6.1
30/05/2023;6.08;6.1;6.1;6.04;6.080039452;480326;2920401.03;29/05/2023;6.05
29/05/2023;6.05;6.05;6.05;6.04;6.048985697;23701;143367.01;26/05/2023;6
26/05/2023;6.05;6;6.05;6;6.037962377;199880;1206867.92;25/05/2023;5.98
25/05/2023;6.05;5.98;6.05;5.98;5.99099744;79293;475044.16;24/05/2023;6.03
24/05/2023;5.98;6.03;6.03;5.98;6.024088162;24818;149505.82;23/05/2023;5.99
23/05/2023;5.99;5.99;5.99;5.99;5.99191213;3619;21684.73;22/05/2023;5.99
22/05/2023;6;5.99;6;5.99;5.995493248;18439;110550.9;19/05/2023;6
19/05/2023;6.07;6;6.07;6;6.033168746;1529747;9229221.79;18/05/2023;6.07
18/05/2023;6.17;6.07;6.17;6.07;6.123976834;9324;57099.96;17/05/2023;6.12
17/05/2023;6.12;6.12;6.12;6.12;6.119993845;718111;4394834.9;16/05/2023;6.12
16/05/2023;6.15;6.12;6.15;6.11;6.119994858;1036603;6344005.03;15/05/2023;6.1
15/05/2023;6.1;6.1;6.1;6.1;6.10359244;18731;114326.39;12/05/2023;6.1
12/05/2023;6.05;6.1;6.2;6.05;6.100372333;213008;1299428.11;10/05/2023;6.05
11/05/2023;;;;;6.03990566;1272;7682.76;10/05/2023;6.05
10/05/2023;6.01;6.05;6.05;5.86;5.869639155;185398;1088219.36;9/05/2023;6.05
9/05/2023;5.97;6.05;6.05;5.97;5.979036352;44041;263322.74;8/05/2023;5.98
8/05/2023;5.98;5.98;5.98;5.98;5.991812126;8857;53069.48;5/05/2023;5.9
5/05/2023;5.85;5.9;5.9;5.85;5.872948627;25422;149302.1;4/05/2023;5.85
4/05/2023;5.9;5.85;5.9;5.85;5.852796816;258569;1513351.82;3/05/2023;5.9
3/05/2023;6.26;5.9;6.26;5.9;5.948474834;153780;914756.46;2/05/2023;6.28
2/05/2023;6.41;6.28;6.41;6.28;6.317510498;25957;163983.62;28/04/2023;6.41
28/04/2023;6.41;6.41;6.41;6.41;6.414875691;17899;114819.86;27/04/2023;6.41
27/04/2023;6.45;6.41;6.45;6.41;6.440764771;17940;115547.32;26/04/2023;6.49
26/04/2023;6.49;6.49;6.5;6.45;6.486287425;13360;86656.8;25/04/2023;6.5
25/04/2023;6.45;6.5;6.5;6.45;6.480567431;5146;33349;21/04/2023;6.45
24/04/2023;;;;;6.454931373;1020;6584.03;21/04/2023;6.45
21/04/2023;6.45;6.45;6.45;6.45;6.450197341;4814;31051.25;20/04/2023;6.45
20/04/2023;6.33;6.45;6.5;6.33;6.471800052;34299;221976.27;19/04/2023;6.38
19/04/2023;6.61;6.66;6.66;6.61;6.6425;4396;29200.43;18/04/2023;6.61
18/04/2023;6.64;6.61;6.69;6.61;6.628755693;38865;257626.59;17/04/2023;6.64
17/04/2023;6.65;6.64;6.65;6.64;6.648578319;9123;60654.98;14/04/2023;6.6
14/04/2023;6.6;6.6;6.65;6.6;6.600478803;166979;1102141.35;13/04/2023;6.55
13/04/2023;6.6;6.55;6.61;6.55;6.559892967;37652;246993.09;12/04/2023;6.6
12/04/2023;6.56;6.6;6.6;6.56;6.577056061;10007;65816.6;11/04/2023;6.55
11/04/2023;6.53;6.55;6.55;6.53;6.537145488;4344;28397.36;10/04/2023;6.5
10/04/2023;6.5;6.5;6.5;6.5;6.504865373;8505;55323.88;5/04/2023;6.55
5/04/2023;6.55;6.55;6.55;6.55;6.538490301;4279;27978.2;4/04/2023;6.45
4/04/2023;6.45;6.45;6.45;6.43;6.445755521;141558;912448.26;3/04/2023;6.41
3/04/2023;6.47;6.41;6.47;6.41;6.452100655;14048;90639.11;31/03/2023;6.5
31/03/2023;6.5;6.5;6.5;6.5;6.497728195;986;6406.76;30/03/2023;6.45
30/03/2023;6.38;6.45;6.45;6.35;6.38693219;53429;341247.4;29/03/2023;6.35
29/03/2023;6.4;6.35;6.4;6.35;6.368221308;37179;236764.1;28/03/2023;6.4
28/03/2023;6.42;6.4;6.45;6.4;6.440045905;25705;165541.38;27/03/2023;6.42
27/03/2023;6.42;6.42;6.42;6.42;6.422447898;11324;72727.8;24/03/2023;6.43
24/03/2023;6.42;6.43;6.43;6.42;6.421576324;8025;51533.15;23/03/2023;6.41
23/03/2023;6.45;6.41;6.45;6.4;6.44981981;604083;3896226.5;22/03/2023;6.55
22/03/2023;6.61;6.55;6.61;6.5;6.511573759;118290;770254.06;21/03/2023;6.65
21/03/2023;6.61;6.65;6.65;6.61;6.649617897;2198884;14621738.4;20/03/2023;6.61
20/03/2023;6.6;6.61;6.61;6.6;6.609176333;40951;270652.38;17/03/2023;6.6
17/03/2023;6.45;6.6;6.61;6.45;6.596241743;996531;6573359.38;16/03/2023;6.5
16/03/2023;6.51;6.5;6.51;6.47;6.483501312;7620;49404.28;15/03/2023;6.45
15/03/2023;6.37;6.45;6.45;6.37;6.371170308;426016;2714220.49;14/03/2023;6.41
14/03/2023;6.38;6.41;6.41;6.38;6.38549641;29250;186775.77;13/03/2023;6.37
13/03/2023;6.37;6.37;6.37;6.37;6.370635549;3792;24157.45;10/03/2023;6.4
10/03/2023;6.34;6.4;6.4;6.25;6.30158088;41401;260891.75;9/03/2023;6.35
9/03/2023;6.35;6.35;6.35;6.35;6.343425678;6714;42589.76;7/03/2023;6.35
8/03/2023;;;;;6.349989328;1874;11899.88;7/03/2023;6.35
7/03/2023;6.3;6.35;6.35;6.3;6.320201175;12427;78541.14;6/03/2023;6.3
6/03/2023;6.3;6.3;6.3;6.3;6.302069824;25292;159391.95;3/03/2023;6.33
3/03/2023;6.4;6.33;6.4;6.33;6.357651515;15312;97348.36;2/03/2023;6.4
2/03/2023;6.39;6.4;6.4;6.39;6.396823237;10070;64416.01;1/03/2023;6.4
1/03/2023;6.4;6.4;6.4;6.4;6.414841409;5139;32965.87;28/02/2023;6.4
28/02/2023;6.45;6.4;6.45;6.3;6.358609838;168038;1068488.08;27/02/2023;6.45
27/02/2023;6.45;6.45;6.45;6.45;6.450066835;33665;217141.5;24/02/2023;6.46
24/02/2023;6.4;6.46;6.48;6.4;6.450752904;4476;28873.57;23/02/2023;6.45
23/02/2023;6.45;6.45;6.45;6.45;6.449923753;36067;232629.4;22/02/2023;6.45
22/02/2023;6.45;6.45;6.45;6.45;6.449744761;7444;48011.9;21/02/2023;6.5
21/02/2023;6.55;6.5;6.55;6.5;6.53866221;37547;245507.15;17/02/2023;6.65
20/02/2023;;;;;6.661206061;1650;10990.99;17/02/2023;6.65
17/02/2023;6.61;6.65;6.65;6.61;6.643414591;11281;74944.36;16/02/2023;6.6
16/02/2023;6.5;6.6;6.6;6.45;6.480544867;47663;308882.21;15/02/2023;6.4
15/02/2023;6.4;6.4;6.4;6.4;6.400872151;10090;64584.8;14/02/2023;6.4
14/02/2023;6.35;6.4;6.4;6.35;6.370959396;5566;35460.76;13/02/2023;6.35
13/02/2023;6.3;6.35;6.35;6.29;6.301704775;106495;671100.05;10/02/2023;6.3
10/02/2023;6.3;6.3;6.3;6.3;6.294055925;3612;22734.13;9/02/2023;6.3
9/02/2023;6.3;6.3;6.35;6.3;6.312154251;105568;666361.5;8/02/2023;6.3
8/02/2023;6.3;6.3;6.3;6.3;6.29995242;75242;474021.02;7/02/2023;6.3
7/02/2023;6.3;6.3;6.3;6.3;6.313253721;2889;18238.99;6/02/2023;6.35
6/02/2023;6.2;6.35;6.35;6.2;6.280382956;9270;58219.15;3/02/2023;6.27
3/02/2023;6.3;6.27;6.3;6.27;6.285175643;53176;334220.5;2/02/2023;6.29
2/02/2023;6.29;6.29;6.29;6.29;6.326165383;2467;15606.65;1/02/2023;6.27
1/02/2023;6.2;6.27;6.3;6.2;6.257710965;14884;93139.77;31/01/2023;6.2
31/01/2023;6.2;6.2;6.2;6.2;6.206728192;32236;200080.09;30/01/2023;6.33
30/01/2023;6.4;6.33;6.4;6.2;6.298135949;43840;276110.28;27/01/2023;6.4
27/01/2023;6.5;6.4;6.5;6.4;6.444647638;15836;102057.44;26/01/2023;6.5
26/01/2023;6.55;6.5;6.55;6.5;6.514321601;7245;47196.26;25/01/2023;6.55
25/01/2023;6.57;6.55;6.57;6.55;6.551917797;12749;83530.4;24/01/2023;6.57
24/01/2023;6.6;6.57;6.6;6.56;6.578929056;23568;155052.2;23/01/2023;6.63
23/01/2023;6.6;6.63;6.63;6.6;6.610324535;14852;98176.54;20/01/2023;6.6
20/01/2023;6.6;6.6;6.6;6.6;6.598133016;8811;58136.15;18/01/2023;6.54
19/01/2023;;;;;6.529341649;1443;9421.84;18/01/2023;6.54
18/01/2023;6.6;6.54;6.62;6.5;6.559713354;103612;679665.02;17/01/2023;6.64
17/01/2023;6.6;6.64;6.64;6.55;6.590916244;41430;273061.66;16/01/2023;6.68
16/01/2023;6.7;6.68;6.7;6.65;6.669582374;9123;60846.6;13/01/2023;6.7
13/01/2023;6.65;6.7;6.7;6.65;6.669628194;8257;55071.12;12/01/2023;6.7
12/01/2023;6.75;6.7;6.75;6.69;6.703892544;388697;2605782.92;11/01/2023;6.75
11/01/2023;6.75;6.75;6.75;6.75;6.749260977;15737;106213.12;10/01/2023;6.75
10/01/2023;6.72;6.75;6.75;6.72;6.735991867;7869;53005.52;9/01/2023;6.75
9/01/2023;6.8;6.75;6.8;6.75;6.777524069;33757;228788.88;6/01/2023;6.75
6/01/2023;6.75;6.75;6.75;6.75;6.753520734;16133;108954.55;5/01/2023;6.8
5/01/2023;6.8;6.8;6.8;6.8;6.800061393;8470;57596.52;4/01/2023;6.75
4/01/2023;6.8;6.75;6.8;6.75;6.765195702;29969;202746.15;3/01/2023;6.75
3/01/2023;6.75;6.75;6.75;6.75;6.752806266;19599;132348.25;30/12/2022;6.75
2/01/2023;;;;;6.726033058;242;1627.7;30/12/2022;6.75
30/12/2022;6.75;6.75;6.75;6.75;6.754155496;7087;47866.7;29/12/2022;6.82
29/12/2022;6.8;6.82;6.9;6.8;6.825372997;10858;74109.9;28/12/2022;6.8
28/12/2022;6.72;6.8;6.8;6.7;6.735148255;20168;135834.47;27/12/2022;6.75
27/12/2022;6.75;6.75;6.75;6.75;6.760334256;5056;34180.25;26/12/2022;6.72
26/12/2022;6.55;6.72;6.72;6.55;6.645719361;10134;67347.72;23/12/2022;6.55
23/12/2022;6.5;6.55;6.55;6.5;6.517050759;6127;39929.97;22/12/2022;6.4
22/12/2022;6.4;6.4;6.4;6.4;6.401054136;11194;71653.4;21/12/2022;6.41
21/12/2022;6.36;6.41;6.41;6.36;6.38700485;139165;888847.53;20/12/2022;6.35
20/12/2022;6.3;6.35;6.35;6.3;6.300579558;1039205;6547593.78;19/12/2022;6.3
19/12/2022;6.3;6.3;6.45;6.3;6.303249326;316558;1995344;16/12/2022;6.3
16/12/2022;6.46;6.3;6.46;6.3;6.33037257;364281;2306034.45;15/12/2022;6.46
15/12/2022;6.45;6.46;6.46;6.45;6.460245164;263171;1700149.18;14/12/2022;6.55
14/12/2022;6.5;6.55;6.56;6.5;6.5336344;12500;81670.43;13/12/2022;6.56
13/12/2022;6.69;6.56;6.69;6.56;6.587900143;67176;442548.78;12/12/2022;6.7
12/12/2022;7.05;6.7;7.05;6.65;6.781758766;41893;284108.22;7/12/2022;7.09
7/12/2022;6.51;7.09;7.1;6.45;6.576108785;103875;683093.3;6/12/2022;6.6
6/12/2022;6.5;6.6;6.6;6.48;6.480202352;1125760;7295152.6;5/12/2022;6.5
5/12/2022;6.55;6.5;6.55;6.5;6.526322673;307922;2009598.33;2/12/2022;6.65
2/12/2022;6.65;6.65;6.65;6.65;6.650044374;129580;861712.75;1/12/2022;6.7
1/12/2022;6.69;6.7;6.7;6.68;6.693083604;36960;247376.37;30/11/2022;6.7
30/11/2022;6.82;6.7;6.82;6.7;6.799157932;1288519;8760844.18;29/11/2022;6.82
29/11/2022;6.82;6.82;6.82;6.82;6.818725124;3216;21929.02;28/11/2022;6.8
28/11/2022;7;6.8;7;6.8;6.874840296;129928;893234.25;25/11/2022;7.05
25/11/2022;7.15;7.05;7.2;7.05;7.199982786;31506440;226845825.6;24/11/2022;7.15
24/11/2022;7.15;7.15;7.15;7.15;7.151806307;8498;60776.05;23/11/2022;7.2
23/11/2022;7;7.2;7.2;7;7.197556395;3268269;23523550.44;22/11/2022;6.95
22/11/2022;6.9;6.95;7;6.9;6.995292214;1110129;7765676.75;21/11/2022;6.9
21/11/2022;7;6.9;7;6.9;6.974908542;141869;989523.3;18/11/2022;7.01
18/11/2022;7.05;7.01;7.05;7;7.005754047;19150;134160.19;17/11/2022;7.13
17/11/2022;7.02;7.13;7.13;7.02;7.088666193;18316;129836.01;16/11/2022;7.2
16/11/2022;7;7.2;7.2;7;7.19821185;1893583;13630411.59;15/11/2022;7
15/11/2022;7.1;7;7.1;7;7.02036561;7002;49156.6;14/11/2022;7.2
14/11/2022;7.09;7.2;7.2;7;7.198385691;637734;4590655.3;11/11/2022;7.2
11/11/2022;6.75;7.2;7.2;6.75;7.194670363;18618111;133951171.4;10/11/2022;6.8
10/11/2022;6.75;6.8;6.8;6.75;6.763992701;109873;743180.17;9/11/2022;6.75
9/11/2022;6.65;6.75;6.81;6.65;6.729391344;97625;656956.83;8/11/2022;6.65
8/11/2022;6.65;6.65;6.67;6.65;6.652925881;41420;275564.19;7/11/2022;6.7
7/11/2022;6.8;6.7;6.8;6.7;6.761582922;22509;152196.47;4/11/2022;6.8
4/11/2022;6.95;6.8;6.95;6.6;6.761390198;58337;394439.22;3/11/2022;7
3/11/2022;6.55;7;7.01;6.55;6.992135022;6440931;45035859.22;2/11/2022;6.5
2/11/2022;6.3;6.5;6.6;6.3;6.459618302;563404;3639374.79;31/10/2022;6.3
31/10/2022;6.25;6.3;6.3;6.24;6.253586817;79979;500155.62;28/10/2022;6.25
28/10/2022;6.21;6.25;6.25;6.21;6.223611146;64456;401149.08;27/10/2022;6.24
27/10/2022;6.2;6.24;6.24;6.2;6.210468552;52118;323677.2;26/10/2022;6.2
26/10/2022;6.13;6.2;6.25;6.12;6.157838887;66748;411023.43;25/10/2022;6.1
25/10/2022;6.1;6.1;6.1;6.1;6.098950661;18545;113105.04;24/10/2022;6.05
24/10/2022;6.11;6.05;6.11;6.05;6.050363791;404491;2447317.7;21/10/2022;6.11
21/10/2022;6.05;6.11;6.11;6.05;6.068205752;108898;660815.47;20/10/2022;6.05
20/10/2022;6.05;6.05;6.05;6.03;6.044273215;90288;545725.34;19/10/2022;6.03
19/10/2022;6.05;6.03;6.05;6.03;6.047633664;36846;222831.11;18/10/2022;6
18/10/2022;6;6;6.02;5.96;5.999678226;1482283;8893221.04;17/10/2022;5.95
17/10/2022;5.9;5.95;5.95;5.9;5.906443176;285814;1688144.15;14/10/2022;5.9
14/10/2022;5.95;5.9;5.95;5.9;5.928243562;11455;67908.03;13/10/2022;6
13/10/2022;5.9;6;6;5.9;5.998546869;273857;1642744.05;12/10/2022;5.9
12/10/2022;5.85;5.9;5.9;5.8;5.848967152;66854;391026.85;11/10/2022;5.85
11/10/2022;5.85;5.85;5.85;5.8;5.837798491;11265;65762.8;10/10/2022;5.9
10/10/2022;5.9;5.9;5.9;5.9;5.900472621;6136;36205.3;7/10/2022;5.9
7/10/2022;5.9;5.9;5.9;5.9;5.901620843;3819;22538.29;6/10/2022;5.89
6/10/2022;5.78;5.89;5.89;5.78;5.806565999;5894;34223.9;5/10/2022;5.75
5/10/2022;5.72;5.75;5.75;5.72;5.738835389;565837;3247245.4;4/10/2022;5.7
4/10/2022;5.7;5.7;5.7;5.7;5.700420977;126729;722408.65;3/10/2022;5.66
3/10/2022;5.7;5.66;5.7;5.66;5.677135018;17494;99315.8;30/09/2022;5.7
30/09/2022;5.68;5.7;5.7;5.68;5.683640743;159006;903732.98;29/09/2022;5.65
29/09/2022;5.7;5.65;5.7;5.65;5.684385343;32148;182741.62;28/09/2022;5.7
28/09/2022;5.7;5.7;5.7;5.7;5.703281628;11153;63608.7;27/09/2022;5.75
27/09/2022;5.8;5.75;5.8;5.75;5.768216208;32515;187553.55;26/09/2022;5.8
26/09/2022;5.75;5.8;5.8;5.75;5.756415698;140881;810969.6;23/09/2022;5.85
23/09/2022;5.9;5.85;5.93;5.85;5.869205081;7007;41125.52;22/09/2022;6
22/09/2022;5.8;6;6;5.8;5.907729247;28321;167312.8;21/09/2022;5.9
21/09/2022;5.9;5.9;5.9;5.9;5.901619266;2180;12865.53;20/09/2022;5.9
20/09/2022;5.95;5.9;6;5.9;5.962805703;64458;384350.53;19/09/2022;5.95
19/09/2022;5.95;5.95;5.95;5.95;5.949996863;2604674;15497802.13;16/09/2022;6
16/09/2022;5.95;6;6;5.95;5.998458251;116997;701801.62;15/09/2022;6
15/09/2022;6;6;6;5.95;5.994089575;1708158;10238852.06;14/09/2022;5.9
14/09/2022;5.9;5.9;6;5.9;5.987303652;106711;638911.16;13/09/2022;5.89
13/09/2022;5.89;5.89;5.89;5.89;5.888707976;45688;269043.29;12/09/2022;6
12/09/2022;6;6;6.02;5.96;5.999770835;1950518;11702661.01;9/09/2022;6
9/09/2022;5.95;6;6;5.89;5.923674859;62133;368055.69;8/09/2022;5.85
8/09/2022;5.87;5.85;5.9;5.8;5.873782056;29246;171784.63;7/09/2022;5.85
7/09/2022;5.65;5.85;5.85;5.65;5.741626542;38505;221081.33;6/09/2022;5.65
6/09/2022;5.59;5.65;5.65;5.59;5.6086844;16692;93620.16;5/09/2022;5.59
5/09/2022;5.59;5.59;5.59;5.59;5.589493392;4086;22838.67;2/09/2022;5.59
2/09/2022;5.5;5.59;5.59;5.5;5.587728787;227592;1271722.37;1/09/2022;5.41
1/09/2022;5.41;5.41;5.5;5.4;5.41662239;146956;796005.16;31/08/2022;5.4
31/08/2022;5.55;5.4;5.61;5.4;5.44038411;1336648;7271878.54;29/08/2022;5.6
29/08/2022;5.81;5.6;5.81;5.6;5.792611935;218631;1266444.54;26/08/2022;5.81
26/08/2022;5.81;5.81;5.81;5.81;5.805010601;1415;8214.09;25/08/2022;5.81
25/08/2022;5.88;5.81;5.88;5.81;5.851366132;4736;27712.07;24/08/2022;5.89
24/08/2022;5.9;5.89;5.9;5.88;5.890424992;53248;313653.35;23/08/2022;5.91
23/08/2022;5.9;5.91;5.96;5.9;5.935404989;31791;188692.46;22/08/2022;5.8
22/08/2022;5.9;5.8;5.9;5.73;5.816885159;223639;1300882.38;19/08/2022;6
19/08/2022;6;6;6;6;6.000121156;72964;437792.84;18/08/2022;6.02
18/08/2022;6;6.02;6.02;6;6.001345495;37057;222391.86;17/08/2022;6.05
17/08/2022;6.05;6.05;6.05;6;6.046589003;44723;270421.6;16/08/2022;6.05
16/08/2022;6.1;6.05;6.1;6;6.048224888;90445;547031.7;15/08/2022;6.1
15/08/2022;6.04;6.1;6.11;6.04;6.093550083;87874;535464.62;12/08/2022;6
12/08/2022;6;6;6;6;6.000686656;11039;66241.58;11/08/2022;6
11/08/2022;6;6;6;5.9;5.996731635;462635;2774297.94;10/08/2022;6
10/08/2022;5.8;6;6.05;5.8;5.999734166;16805632;100829324.5;9/08/2022;5.69
9/08/2022;5.5;5.69;5.69;5.5;5.613417717;342878;1924717.44;8/08/2022;5.5
8/08/2022;5.48;5.5;5.55;5.48;5.513942776;607161;3347851.01;5/08/2022;5.48
5/08/2022;5.42;5.48;5.48;5.42;5.428051068;74959;406881.28;4/08/2022;5.44
4/08/2022;5.45;5.44;5.48;5.44;5.450572103;71648;390522.59;3/08/2022;5.4
3/08/2022;5.4;5.4;5.5;5.4;5.431888441;245197;1331882.75;2/08/2022;5.4
2/08/2022;5.2;5.4;5.4;5.2;5.346155022;656217;3508237.81;1/08/2022;5.2
1/08/2022;5.2;5.2;5.2;5.2;5.200375088;61319;318881.8;27/07/2022;5.3
27/07/2022;5.29;5.3;5.3;5.29;5.2904823;21045;111338.2;26/07/2022;5.29
26/07/2022;5.29;5.29;5.29;5.29;5.285629987;5389;28484.26;25/07/2022;5.2
25/07/2022;5.32;5.2;5.32;5.2;5.256884365;14148;74374.4;22/07/2022;5.35
22/07/2022;5.5;5.35;5.5;5.35;5.412057681;26248;142055.69;21/07/2022;5.39
21/07/2022;5.12;5.39;5.39;5.12;5.21641729;169436;883848.88;20/07/2022;5.05
20/07/2022;5.05;5.05;5.05;5.05;5.052441269;31627;159793.56;19/07/2022;5.05
19/07/2022;5.05;5.05;5.05;5.05;5.045342338;2147;10832.35;18/07/2022;5
18/07/2022;5.05;5;5.05;4.95;4.999988488;12673541;63367559.1;15/07/2022;4.95
15/07/2022;4.95;4.95;4.95;4.95;4.950454398;6162;30504.7;14/07/2022;4.95
14/07/2022;5;4.95;5;4.95;4.956072779;379258;1879630.25;13/07/2022;5.04
13/07/2022;5;5.04;5.09;5;5.050414943;15713;79357.17;12/07/2022;5.05
12/07/2022;5.1;5.05;5.1;5;5.003439974;521690;2610244.6;11/07/2022;5.1
11/07/2022;5.1;5.1;5.1;5.1;5.106813424;14809;75626.8;8/07/2022;5.1
8/07/2022;5.11;5.1;5.15;5.1;5.102825327;84415;430755;7/07/2022;5.05
7/07/2022;5.05;5.05;5.05;5.05;5.049197289;5606;28305.8;6/07/2022;5
6/07/2022;5;5;5;4.95;4.997681374;43129;215545;5/07/2022;5.05
5/07/2022;5.05;5.05;5.05;5.05;5.051904889;7465;37712.47;4/07/2022;5.15
4/07/2022;5.1;5.15;5.15;5.1;5.13705192;5624;28890.78;1/07/2022;5.15
1/07/2022;5.15;5.15;5.2;5.13;5.186734817;128832;668217.42;30/06/2022;5.15
30/06/2022;5.15;5.15;5.15;5.15;5.150017166;326225;1680064.35;28/06/2022;5.2
28/06/2022;5.2;5.2;5.2;5.2;5.2;1888531;9820361.2;27/06/2022;5.2
27/06/2022;5.2;5.2;5.2;5.15;5.186129256;40292;208959.52;24/06/2022;5.2
24/06/2022;5.15;5.2;5.2;5.1;5.140634347;82447;423829.88;23/06/2022;5.15
23/06/2022;5.2;5.15;5.25;5.15;5.199482246;173963;904517.53;22/06/2022;5.25
22/06/2022;5.35;5.25;5.35;5.25;5.254385639;336797;1769661.32;21/06/2022;5.37
21/06/2022;5.4;5.37;5.4;5.35;5.356135731;157665;844475.14;20/06/2022;5.4
20/06/2022;5.4;5.4;5.4;5.4;5.4;1540;8316;17/06/2022;5.35
17/06/2022;5.4;5.35;5.4;5.35;5.391602567;135258;729257.38;15/06/2022;5.4
16/06/2022;;;;;5.372486569;1303;7000.35;15/06/2022;5.4
15/06/2022;5.45;5.4;5.45;5.4;5.409206911;141220;763888.2;14/06/2022;5.45
14/06/2022;5.4;5.45;5.45;5.35;5.397071432;36622;197651.55;13/06/2022;5.45
13/06/2022;5.5;5.45;5.5;5.45;5.492737901;431630;2370830.46;10/06/2022;5.46
10/06/2022;5.45;5.46;5.5;5.45;5.462768638;240891;1315931.8;9/06/2022;5.41
9/06/2022;5.4;5.41;5.45;5.4;5.412437743;72522;392520.81;8/06/2022;5.45
8/06/2022;5.15;5.45;5.45;5.15;5.252594876;936095;4916927.8;7/06/2022;5.15
7/06/2022;5.08;5.15;5.15;5.08;5.129565217;6900;35394;6/06/2022;5.12
6/06/2022;5.17;5.12;5.17;5.1;5.100403411;1169254;5963667.09;3/06/2022;5.15
3/06/2022;5.13;5.15;5.15;5.13;5.149072583;95394;491190.63;2/06/2022;5.13
2/06/2022;5.15;5.13;5.15;5.09;5.100407978;780410;3980409.39;1/06/2022;5.1
1/06/2022;5.1;5.1;5.1;5.05;5.092717024;128004;651888.15;31/05/2022;5.05
31/05/2022;5;5.05;5.05;4.95;5.006780451;1398876;7003865.01;30/05/2022;5.1
30/05/2022;5.06;5.1;5.1;5.06;5.084106716;17973;91376.65;27/05/2022;5.01
27/05/2022;4.95;5.01;5.01;4.95;4.980939602;1307245;6511308.39;26/05/2022;4.93
26/05/2022;4.93;4.93;5;4.9;4.951565562;54811;271400.26;25/05/2022;4.9
25/05/2022;4.94;4.9;4.94;4.9;4.912710438;9504;46690.4;24/05/2022;4.92
24/05/2022;4.85;4.92;4.92;4.85;4.883322938;25974;126839.43;23/05/2022;4.85
23/05/2022;4.95;4.85;4.97;4.85;4.924790748;336795;1658644.9;20/05/2022;4.95
20/05/2022;4.95;4.95;4.95;4.95;4.950040404;27225;134764.85;19/05/2022;4.95
19/05/2022;4.85;4.95;4.95;4.85;4.94632223;1258888;6226865.7;18/05/2022;4.85
18/05/2022;4.91;4.85;4.95;4.85;4.947496013;1445854;7153356.9;17/05/2022;4.85
17/05/2022;4.96;4.85;4.96;4.85;4.854211128;247537;1201596.86;16/05/2022;4.96
16/05/2022;4.95;4.96;4.96;4.95;4.957479591;22294;110522.05;13/05/2022;4.9
13/05/2022;4.9;4.9;4.95;4.9;4.903450928;553793;2715496.8;12/05/2022;4.81
12/05/2022;4.95;4.81;4.95;4.81;4.906205128;24180;118632.04;11/05/2022;4.9
11/05/2022;4.9;4.9;4.9;4.9;4.9;19081;93496.9;10/05/2022;4.9
10/05/2022;4.8;4.9;4.9;4.8;4.842386405;16330;79076.17;9/05/2022;4.8
9/05/2022;4.86;4.8;4.86;4.8;4.803029007;56124;269565.2;6/05/2022;4.95
6/05/2022;4.9;4.95;4.95;4.85;4.873440226;498816;2430949.96;5/05/2022;4.95
5/05/2022;5.1;4.95;5.1;4.9;4.910081857;673861;3308712.67;4/05/2022;5.1
4/05/2022;4.8;5.1;5.1;4.8;5.094420623;560844;2857175.24;3/05/2022;5
3/05/2022;5.2;5;5.2;5;5.088868726;593888;3022218.07;2/05/2022;5.08
2/05/2022;5.05;5.08;5.08;4.96;4.994258227;258091;1288973.1;29/04/2022;5.12
29/04/2022;5.12;5.12;5.15;5.12;5.138773618;48745;250489.52;28/04/2022;5.1
28/04/2022;5.15;5.1;5.2;5;5.00158971;12670166;63370971.89;27/04/2022;5.2
27/04/2022;5.2;5.2;5.3;5.2;5.223208337;37521;195980;26/04/2022;5.02
26/04/2022;5;5.02;5.1;4.93;5.008125904;1270901;6364832.22;25/04/2022;4.97
25/04/2022;5.2;4.97;5.2;4.97;5.097403677;297567;1516819.12;22/04/2022;5.25
22/04/2022;5.6;5.5;5.6;5.4;5.466521677;267514;1462371.08;21/04/2022;5.6
21/04/2022;5.35;5.6;5.6;5.35;5.408745102;561185;3035306.62;20/04/2022;5.35
20/04/2022;5.1;5.35;5.35;5.1;5.111626141;1049712;5365735.3;19/04/2022;5.08
19/04/2022;5.12;5.08;5.12;5.01;5.027233028;1440369;7241070.61;18/04/2022;5.01
18/04/2022;5.01;5.01;5.1;5;5.008821522;749806;3755644.43;13/04/2022;5.01
13/04/2022;5.42;5.01;5.5;5.01;5.33112542;821533;4379695.46;12/04/2022;5.42
12/04/2022;5.65;5.42;5.65;5.42;5.581706328;168467;940333.32;11/04/2022;5.63
11/04/2022;5.6;5.63;5.68;5.6;5.64448018;48007;270974.56;8/04/2022;5.6
8/04/2022;5.7;5.6;5.7;5.6;5.650286552;668814;3778990.75;7/04/2022;5.7
7/04/2022;5.74;5.7;5.74;5.7;5.719279884;13109;74974.04;6/04/2022;5.7
6/04/2022;5.77;5.7;5.77;5.7;5.748973501;561374;3227324.25;5/04/2022;5.76
5/04/2022;5.77;5.76;5.77;5.76;5.765215286;52651;303544.35;4/04/2022;5.77
4/04/2022;5.7;5.77;5.81;5.69;5.724164215;596242;3412987.12;1/04/2022;5.69
1/04/2022;5.63;5.69;5.7;5.6;5.656252112;644379;3644770.08;31/03/2022;5.55
31/03/2022;5.63;5.55;5.63;5.55;5.587315397;137674;769228.06;30/03/2022;5.63
30/03/2022;5.7;5.63;5.7;5.63;5.690044567;98952;563041.29;29/03/2022;5.7
29/03/2022;5.75;5.7;5.75;5.7;5.714330253;168392;962247.5;28/03/2022;5.75
28/03/2022;5.76;5.75;5.76;5.75;5.751279249;44190;254149.03;25/03/2022;5.7
25/03/2022;5.78;5.7;5.78;5.7;5.773625112;399229;2304998.58;24/03/2022;5.78
24/03/2022;5.78;5.78;5.78;5.74;5.761385614;7549;43492.7;23/03/2022;5.78
23/03/2022;5.78;5.78;5.78;5.78;5.78;41888;242112.64;22/03/2022;5.78
22/03/2022;5.81;5.78;5.81;5.78;5.791685382;29655;171752.43;21/03/2022;5.81
21/03/2022;5.82;5.81;5.83;5.81;5.821623802;23057;134229.18;18/03/2022;5.82
18/03/2022;5.79;5.82;5.82;5.78;5.801141708;44013;255325.65;17/03/2022;5.79
17/03/2022;5.83;5.79;5.83;5.79;5.823470359;63005;366907.75;16/03/2022;5.83
16/03/2022;5.67;5.83;5.83;5.67;5.703107463;3283791;18727812.96;15/03/2022;5.67
15/03/2022;5.69;5.67;5.69;5.67;5.679439456;88432;502244.19;14/03/2022;5.69
14/03/2022;5.75;5.69;5.75;5.69;5.748708775;790273;4543049.33;11/03/2022;5.79
11/03/2022;5.79;5.79;5.8;5.78;5.790125454;1725649;9991724.2;10/03/2022;5.75
10/03/2022;5.85;5.75;5.85;5.75;5.836902291;322845;1884414.72;9/03/2022;5.85
9/03/2022;5.85;5.85;5.9;5.84;5.856640912;81796;479049.8;8/03/2022;5.86
8/03/2022;5.9;5.86;5.9;5.86;5.897829877;300665;1773271.02;7/03/2022;5.9
7/03/2022;6.05;5.9;6.05;5.88;5.930125496;205585;1219144.85;4/03/2022;6.15
4/03/2022;6.2;6.15;6.2;6.15;6.177898116;117114;723518.36;3/03/2022;6.2
3/03/2022;6.2;6.2;6.2;6.17;6.196042702;50489;312832;2/03/2022;6.2
2/03/2022;6.2;6.2;6.25;6.19;6.200356467;740462;4591128.35;1/03/2022;6.22
1/03/2022;6.22;6.22;6.23;6.22;6.224036491;22636;140887.29;28/02/2022;6.12
28/02/2022;6.3;6.12;6.3;6.12;6.127933486;355231;2176831.94;25/02/2022;6.35
25/02/2022;6.3;6.35;6.35;6.3;6.300125168;751630;4735363.08;24/02/2022;6.29
24/02/2022;6.19;6.29;6.29;6.1;6.169323006;149440;921943.63;23/02/2022;6.25
23/02/2022;6.23;6.25;6.25;6.23;6.244341216;11840;73933;22/02/2022;6.23
22/02/2022;6.29;6.23;6.29;6.2;6.236858256;44157;275400.95;21/02/2022;6.23
21/02/2022;6.2;6.23;6.23;6.2;6.203970605;26671;165466.1;18/02/2022;6.3
18/02/2022;6.2;6.3;6.3;6.2;6.216614512;81489;506585.7;17/02/2022;6.2
17/02/2022;6.28;6.2;6.28;6.2;6.272705892;381608;2393714.75;16/02/2022;6.28
16/02/2022;6.5;6.28;6.5;6.28;6.355026631;539417;3428009.4;15/02/2022;6.55
15/02/2022;6.55;6.55;6.6;6.55;6.583428551;14073;92648.59;14/02/2022;6.55
14/02/2022;6.63;6.55;6.63;6.55;6.574114387;557371;3664220.71;11/02/2022;6.64
11/02/2022;6.67;6.64;6.67;6.64;6.656820298;42526;283087.94;10/02/2022;6.67
10/02/2022;6.7;6.67;6.7;6.67;6.670432093;140803;939216.85;9/02/2022;6.7
9/02/2022;6.75;6.7;6.75;6.7;6.727681466;122461;823878.6;8/02/2022;6.75
8/02/2022;6.57;6.75;6.75;6.57;6.657089554;383467;2552774.16;7/02/2022;6.57
7/02/2022;6.65;6.57;6.65;6.57;6.60133193;274031;1808969.59;4/02/2022;6.64
4/02/2022;6.64;6.64;6.64;6.64;6.639429477;6310;41894.8;3/02/2022;6.65
3/02/2022;6.65;6.65;6.65;6.65;6.650246313;67597;449536.7;2/02/2022;6.65
2/02/2022;6.9;6.65;6.9;6.65;6.682688424;254413;1700162.81;1/02/2022;6.9
1/02/2022;6.8;6.9;6.91;6.55;6.868070592;257338;1767415.55;31/01/2022;6.87
31/01/2022;6.82;6.87;6.95;6.82;6.886184355;18204;125356.1;28/01/2022;6.8
28/01/2022;6.85;6.8;6.85;6.8;6.843057533;19241;131667.27;27/01/2022;6.85
27/01/2022;6.76;6.85;6.85;6.76;6.845455351;22576;154543;26/01/2022;6.76
26/01/2022;6.75;6.76;6.8;6.75;6.779635748;664814;4507196.76;25/01/2022;6.75
25/01/2022;6.8;6.75;6.8;6.73;6.733423545;200862;1352488.92;24/01/2022;6.8
24/01/2022;6.84;6.8;6.84;6.7;6.801982897;149680;1018120.8;21/01/2022;6.83
21/01/2022;6.9;6.83;6.9;6.82;6.885587552;383651;2641662.55;20/01/2022;6.9
20/01/2022;6.9;6.9;6.9;6.89;6.890912167;277471;1912028.29;19/01/2022;6.9
19/01/2022;6.84;6.9;6.9;6.84;6.848826025;602483;4126301.25;18/01/2022;6.84
18/01/2022;6.95;6.84;6.95;6.78;6.871369192;65776;451971.18;17/01/2022;6.95
17/01/2022;6.95;6.95;6.95;6.95;6.95;15146;105264.7;14/01/2022;6.95
14/01/2022;6.95;6.95;7;6.95;6.973715724;48868;340791.54;13/01/2022;6.99
13/01/2022;6.8;6.99;6.99;6.8;6.945962807;81735;567728.27;12/01/2022;6.8
12/01/2022;6.65;6.8;6.82;6.65;6.788190498;106626;723797.6;11/01/2022;6.58
11/01/2022;6.55;6.58;6.6;6.54;6.549272949;192655;1261750.18;10/01/2022;6.51
10/01/2022;6.63;6.51;6.65;6.51;6.619725047;413235;2735502.08;7/01/2022;6.63
7/01/2022;6.45;6.63;6.63;6.45;6.461059184;751890;4858005.79;6/01/2022;6.45
6/01/2022;6.45;6.45;6.48;6.4;6.449491516;395647;2551721.97;5/01/2022;6.35
5/01/2022;6.22;6.35;6.4;6.2;6.239308416;1870099;11668124.43;4/01/2022;6.2
4/01/2022;6.1;6.2;6.2;6.1;6.127901688;23700;145231.27;3/01/2022;6.05
3/01/2022;6.05;6.05;6.05;6.05;6.05;3490;21114.5;30/12/2021;6.05
31/12/2021;;;;;6.05;647;3914.35;30/12/2021;6.05
30/12/2021;6;6.05;6.06;5.95;5.962940069;1503577;8965739.54;29/12/2021;6
29/12/2021;6.12;6;6.12;6;6.055697338;28322;171509.46;28/12/2021;6.12
28/12/2021;6.12;6.12;6.2;6.1;6.120042777;1171420;7169140.51;27/12/2021;6.06
27/12/2021;5.8;6.06;6.06;5.8;5.990717601;92642;554992.06;23/12/2021;5.75
24/12/2021;;;;;;;;23/12/2021;5.75
23/12/2021;5.7;5.75;5.75;5.6;5.698664533;55314;315215.93;22/12/2021;5.65
22/12/2021;5.7;5.65;5.7;5.6;5.650012732;887528;5014544.5;21/12/2021;5.7
21/12/2021;5.7;5.7;5.7;5.69;5.699491249;19656;112029.2;20/12/2021;5.63
20/12/2021;5.55;5.63;5.63;5.55;5.608279619;8812;49420.16;17/12/2021;5.55
17/12/2021;5.61;5.55;5.61;5.55;5.556893454;3416209;18983509.43;16/12/2021;5.6
16/12/2021;5.53;5.6;5.7;5.53;5.642972626;1011096;5705587.05;15/12/2021;5.48
15/12/2021;5.6;5.48;5.6;5.47;5.484440839;170738;936402.46;14/12/2021;5.6
14/12/2021;5.6;5.6;5.6;5.6;5.599638301;30412;170296.2;13/12/2021;5.6
13/12/2021;5.68;5.6;5.68;5.6;5.677595262;319436;1813628.32;10/12/2021;5.65
10/12/2021;5.7;5.65;5.7;5.61;5.682733316;81081;460761.7;9/12/2021;5.7
9/12/2021;5.57;5.7;5.78;5.57;5.684083254;17753;100909.53;7/12/2021;5.57
7/12/2021;5.62;5.57;5.72;5.53;5.622837473;1041758;5857635.92;6/12/2021;5.55
6/12/2021;5.6;5.55;5.6;5.47;5.474165553;526223;2880631.82;3/12/2021;5.6
3/12/2021;5.85;5.6;5.85;5.47;5.74287135;209156;1201156;2/12/2021;5.85
2/12/2021;5.86;5.85;5.94;5.8;5.860035133;562719;3297553.11;1/12/2021;5.86
1/12/2021;6.02;5.86;6.05;5.75;5.940129424;1142140;6784459.42;30/11/2021;6.02
30/11/2021;6.15;6.02;6.15;6.02;6.089960327;563354;3430803.51;29/11/2021;6.15
29/11/2021;6.1;6.15;6.15;6.05;6.098899583;92056;561440.3;26/11/2021;6.1
26/11/2021;6.15;6.1;6.15;6;6.133233422;530104;3251251.57;25/11/2021;6.17
25/11/2021;6.2;6.17;6.2;6.17;6.194231743;11064;68532.98;24/11/2021;6.2
24/11/2021;6.22;6.2;6.3;6.2;6.219705993;29115;181086.74;23/11/2021;6.22
23/11/2021;6.25;6.22;6.25;6.22;6.249760006;227297;1420551.7;22/11/2021;6.25
22/11/2021;6.21;6.25;6.25;6;6.133620048;222602;1365356.09;19/11/2021;6.3
19/11/2021;6.3;6.3;6.3;6.25;6.291581963;10822;68087.5;18/11/2021;6.3
18/11/2021;6.35;6.3;6.35;6.3;6.348407311;304485;1932994.8;17/11/2021;6.35
17/11/2021;6.35;6.35;6.35;6.35;6.353453054;3536;22465.81;16/11/2021;6.37
16/11/2021;6.4;6.37;6.4;6.37;6.398533141;111749;715029.68;15/11/2021;6.4
15/11/2021;6.42;6.4;6.42;6.35;6.369946809;11280;71853;12/11/2021;6.42
12/11/2021;6.41;6.42;6.42;6.39;6.406630983;380283;2436332.85;11/11/2021;6.41
11/11/2021;6.4;6.41;6.41;6.4;6.409913785;353768;2267622.38;10/11/2021;6.41
10/11/2021;6.44;6.41;6.45;6.4;6.410279808;311892;1999314.99;9/11/2021;6.44
9/11/2021;6.4;6.44;6.47;6.35;6.439348652;2004028;12904635;8/11/2021;6.4
8/11/2021;6.4;6.4;6.4;6.39;6.39989464;130030;832178.3;5/11/2021;6.39
5/11/2021;6.23;6.39;6.39;6.23;6.347320866;83206;528135.18;4/11/2021;6.18
4/11/2021;6;6.18;6.2;6;6.113148767;61929;378581.19;3/11/2021;6.15
3/11/2021;6.2;6.15;6.2;6.01;6.150465925;407576;2506782.3;2/11/2021;6.3
2/11/2021;6.4;6.3;6.4;6.3;6.324835857;124373;786638.81;29/10/2021;6.45
29/10/2021;6.4;6.45;6.45;6.38;6.408596463;376057;2409997.56;28/10/2021;6.4
28/10/2021;6.35;6.4;6.4;6.3;6.373545744;1025624;6536861.48;27/10/2021;6.4
27/10/2021;6.25;6.4;6.4;6.25;6.319075945;1074038;6786927.69;26/10/2021;6.21
26/10/2021;6.37;6.21;6.37;6.21;6.311348559;91861;579766.79;25/10/2021;6.38
25/10/2021;6.35;6.38;6.42;6.35;6.365883644;197308;1256039.77;22/10/2021;6.35
22/10/2021;6.4;6.35;6.4;6.25;6.282465567;267403;1679950.14;21/10/2021;6.23
21/10/2021;6.35;6.23;6.4;6.23;6.277287162;226593;1422389.33;20/10/2021;6.4
20/10/2021;6.4;6.4;6.46;6.4;6.409708224;220100;1410776.78;19/10/2021;6.4
19/10/2021;6.35;6.4;6.4;6.35;6.357751536;1018918;6478027.48;18/10/2021;6.31
18/10/2021;6.27;6.31;6.31;6.25;6.26784112;178185;1116835.27;15/10/2021;6.25
15/10/2021;6.15;6.25;6.3;6.15;6.206701559;265292;1646588.27;14/10/2021;6.15
14/10/2021;5.95;6.15;6.15;5.95;6.135131807;560668;3439772.08;13/10/2021;5.9
13/10/2021;5.65;5.9;6;5.65;5.7871584;959266;5551424.29;12/10/2021;5.61
12/10/2021;5.5;5.61;5.65;5.5;5.579179333;1171170;6534167.46;11/10/2021;5.45
11/10/2021;5.48;5.45;5.5;5.45;5.483403858;31573;173127.51;7/10/2021;5.43
7/10/2021;5.31;5.43;5.45;5.3;5.4120793;1051123;5688761.03;6/10/2021;5.2
6/10/2021;5.22;5.2;5.22;5.2;5.2070434;479074;2494559.11;5/10/2021;5.21
5/10/2021;5.15;5.21;5.21;5.15;5.197429986;7677;39900.67;4/10/2021;5.11
4/10/2021;5.17;5.11;5.17;5.1;5.102839785;155054;791215.72;1/10/2021;5.17
1/10/2021;5.25;5.17;5.25;5.15;5.219415092;155204;810074.1;30/09/2021;5.2
30/09/2021;5.25;5.2;5.25;5.2;5.218177338;364039;1899620.06;29/09/2021;5.25
29/09/2021;5.2;5.25;5.3;5.2;5.255186367;114425;601324.7;28/09/2021;5.2
28/09/2021;5.25;5.2;5.25;5.2;5.238727415;111301;583075.6;27/09/2021;5.27
27/09/2021;5.23;5.27;5.27;5.23;5.25449176;268692;1411839.9;24/09/2021;5.2
24/09/2021;5.15;5.2;5.25;5.15;5.211670911;712294;3712241.92;23/09/2021;5.1
23/09/2021;5.02;5.1;5.11;5.01;5.073738818;252414;1280682.71;22/09/2021;5.02
22/09/2021;4.9;5.02;5.02;4.9;4.967266939;167274;830894.61;21/09/2021;4.9
21/09/2021;4.8;4.9;4.9;4.8;4.847503969;511436;2479188.04;20/09/2021;4.75
20/09/2021;4.8;4.75;4.8;4.75;4.788904885;24381;116758.29;17/09/2021;4.75
17/09/2021;4.8;4.75;4.8;4.75;4.789973563;521242;2496735.4;16/09/2021;4.8
16/09/2021;4.8;4.8;4.8;4.8;4.8;10000;48000;15/09/2021;4.8
15/09/2021;4.8;4.8;4.8;4.79;4.79836967;70360;337613.29;14/09/2021;4.8
14/09/2021;4.8;4.8;4.8;4.79;4.799006186;80498;386310.4;13/09/2021;4.8
13/09/2021;4.95;4.8;5.13;4.8;4.986074537;103761;517360.08;10/09/2021;4.85
10/09/2021;4.85;4.85;4.9;4.85;4.873939612;27820;135593;9/09/2021;4.77
9/09/2021;4.81;4.77;4.82;4.7;4.766046673;506548;2414231.41;8/09/2021;4.9
8/09/2021;4.95;4.9;5;4.9;4.932334786;49572;244505.7;7/09/2021;5.05
7/09/2021;5.2;5.05;5.2;5.04;5.162145926;412908;2131491.35;6/09/2021;5.21
6/09/2021;5.2;5.21;5.25;5.2;5.225358482;27728;144888.74;3/09/2021;5.2
3/09/2021;5.14;5.2;5.23;5.14;5.183725536;55184;286058.71;2/09/2021;5.07
2/09/2021;4.95;5.07;5.07;4.95;4.988316895;366620;1828816.74;1/09/2021;4.95
1/09/2021;4.88;4.95;5.03;4.88;4.960997924;82832;410929.38;31/08/2021;4.79
31/08/2021;4.75;4.79;4.8;4.75;4.794342341;762584;3656088.76;27/08/2021;4.72
27/08/2021;4.6;4.72;4.72;4.57;4.625179675;235341;1088494.41;26/08/2021;4.5
26/08/2021;4.55;4.5;4.56;4.5;4.50018934;3603984;16218610.38;25/08/2021;4.55
25/08/2021;4.64;4.55;4.64;4.5;4.538926579;140914;639598.3;24/08/2021;4.65
24/08/2021;4.23;4.65;4.66;4.23;4.608316875;463792;2137300.5;23/08/2021;4.17
23/08/2021;4.55;4.75;4.9;4.55;4.743739297;559410;2653695.2;20/08/2021;4.55
20/08/2021;4.75;4.55;4.8;4.55;4.743211371;817355;3876887.53;19/08/2021;4.75
19/08/2021;4.8;4.75;4.8;4.55;4.69169789;431459;2024275.28;18/08/2021;4.8
18/08/2021;4.85;4.8;4.85;4.79;4.80047909;1011584;4856087.84;17/08/2021;4.85
17/08/2021;4.98;4.85;4.98;4.8;4.920223786;430859;2119922.7;16/08/2021;4.98
16/08/2021;5.01;4.98;5.01;4.95;4.990951417;60289;300899.47;13/08/2021;5.05
13/08/2021;5.06;5.05;5.06;5.04;5.049734811;357217;1803851.12;12/08/2021;5.06
12/08/2021;4.95;5.06;5.08;4.95;5.030807599;312197;1570603.04;11/08/2021;4.8
11/08/2021;5.28;4.8;5.28;4.8;4.943931877;132583;655481.32;10/08/2021;5.25
10/08/2021;5.3;5.25;5.3;5.24;5.251385256;1094022;5745131;9/08/2021;5.3
9/08/2021;5.37;5.3;5.37;5.3;5.3368313;41304;220432.48;6/08/2021;5.36
6/08/2021;5.5;5.36;5.5;5.36;5.368341531;104500;560991.69;5/08/2021;5.37
5/08/2021;5.4;5.37;5.4;5.36;5.372765416;383935;2062792.69;4/08/2021;5.35
4/08/2021;5.41;5.35;5.42;5.35;5.416393096;1107440;5998330.37;3/08/2021;5.37
3/08/2021;5.45;5.37;5.6;5.37;5.462004891;524682;2865815.65;2/08/2021;5.5
2/08/2021;5.65;5.5;5.81;5.5;5.719678283;94897;542780.31;30/07/2021;5.55
30/07/2021;6;5.55;6;5.25;5.523394764;193336;1067871.05;27/07/2021;6.15
27/07/2021;6.15;6.15;6.16;6.15;6.150029664;1069301;6576232.87;26/07/2021;6.15
26/07/2021;6.16;6.15;6.22;6.15;6.15022698;514055;3161554.93;23/07/2021;6.16
23/07/2021;6.15;6.16;6.17;6.15;6.150136733;2302958;14163506.59;22/07/2021;6.1
22/07/2021;6.11;6.1;6.17;6.1;6.111842118;560724;3427056.56;21/07/2021;6
21/07/2021;6.02;6;6.05;6;6.005343279;1915833;11505234.83;20/07/2021;5.95
20/07/2021;5.94;5.95;5.97;5.94;5.950895958;174305;1037270.92;19/07/2021;5.94
19/07/2021;5.96;5.94;5.97;5.93;5.949701244;38995;232008.6;16/07/2021;5.95
16/07/2021;5.9;5.95;6.02;5.9;5.935923909;621674;3690209.56;15/07/2021;5.9
15/07/2021;5.9;5.9;5.92;5.9;5.900325915;245463;1448311.7;14/07/2021;5.9
14/07/2021;5.95;5.9;5.95;5.9;5.947498093;698651;4155225.49;13/07/2021;5.95
13/07/2021;5.95;5.95;5.95;5.95;5.950213086;119670;712062;12/07/2021;5.95
12/07/2021;5.95;5.95;5.95;5.95;5.95;72983;434248.85;9/07/2021;5.95
9/07/2021;5.95;5.95;5.95;5.91;5.941042161;22319;132598.12;8/07/2021;5.95
8/07/2021;6;5.95;6;5.95;5.985564913;70772;423610.4;7/07/2021;6
7/07/2021;6;6;6;6;6;447412;2684472;6/07/2021;6
6/07/2021;6;6;6;6;6.000366327;67972;407856.9;5/07/2021;6
5/07/2021;6;6;6;6;6;13282;79692;2/07/2021;6
2/07/2021;6;6;6;5.99;5.994364865;51186;306827.56;1/07/2021;6
1/07/2021;6.3;6;6.3;6;6.06649111;364061;2208572.82;30/06/2021;6.3
30/06/2021;6.35;6.3;6.48;6.3;6.34795576;215190;1366016.6;28/06/2021;6.3
28/06/2021;6.2;6.3;6.34;6.2;6.250825575;1099609;6873464.06;25/06/2021;6.1
25/06/2021;6.1;6.1;6.1;6.1;6.1;18259;111379.9;24/06/2021;6.1
24/06/2021;6.1;6.1;6.1;6.1;6.101312434;6667;40677.45;23/06/2021;6
23/06/2021;6.16;6;6.16;6;6.041199124;718049;4337876.99;22/06/2021;6.16
22/06/2021;6.2;6.16;6.2;6.16;6.16240201;118430;729813.27;21/06/2021;6.16
21/06/2021;6.06;6.16;6.16;6.05;6.06573613;18638;113053.19;18/06/2021;6.05
18/06/2021;6;6.05;6.1;6;6.051281512;175925;1064571.7;17/06/2021;6
17/06/2021;6.25;6;6.25;6;6.08770766;62181;378539.75;16/06/2021;6.25
16/06/2021;6.45;6.25;6.45;6.25;6.39231533;153585;981763.75;15/06/2021;6.45
15/06/2021;6.51;6.45;6.58;6.38;6.555146796;360296;2361793.17;14/06/2021;6.5
14/06/2021;6.45;6.5;6.5;6.45;6.453801378;63135;407460.75;11/06/2021;6.35
11/06/2021;6.35;6.35;6.5;6.35;6.37170301;56911;362619.99;10/06/2021;6.5
10/06/2021;6.2;6.5;6.57;6.2;6.243344687;351133;2192244.35;9/06/2021;6.05
9/06/2021;5.7;6.05;6.05;5.7;5.810261307;189853;1103095.54;8/06/2021;5.88
8/06/2021;5.85;5.88;6.3;5.83;5.992258092;941826;5643664.47;7/06/2021;5.79
7/06/2021;6.5;5.79;6.5;5.79;5.863568502;461768;2707608.3;4/06/2021;6.82
4/06/2021;6.6;6.82;6.9;6.6;6.740948281;464546;3131480.56;3/06/2021;6.5
3/06/2021;6.41;6.5;6.55;6.35;6.497560211;590592;3837407.08;2/06/2021;6.41
2/06/2021;6.36;6.41;6.41;6.36;6.399986044;904260;5787251.38;1/06/2021;6.35
1/06/2021;6.6;6.35;6.6;6.25;6.299038361;105445;664202.1;31/05/2021;6.6
31/05/2021;6.62;6.6;6.66;6.6;6.614542361;99620;658940.71;28/05/2021;6.6
28/05/2021;6.3;6.6;6.7;6.3;6.563707522;467180;3066432.88;27/05/2021;6.05
27/05/2021;6.19;6.05;6.19;6;6.006382589;5438882;32668006.15;26/05/2021;6.09
26/05/2021;6.15;6.09;6.2;6.09;6.11940224;571601;3497856.44;25/05/2021;6.11
25/05/2021;6.19;6.11;6.24;6;6.095316841;1276619;7781397.29;24/05/2021;6.1
24/05/2021;6.66;6.1;6.66;6.1;6.124284957;1060671;6495851.45;21/05/2021;6.65
21/05/2021;7;6.65;7;6.5;6.629499972;6096337;40415665.97;20/05/2021;6.98
20/05/2021;6.95;6.98;6.99;6.94;6.967356616;1156839;8060109.86;19/05/2021;6.9
19/05/2021;7.15;6.9;7.15;6.9;7.039031768;499023;3512638.75;18/05/2021;7.17
18/05/2021;7.2;7.17;7.2;7.17;7.199872212;1437303;10348397.93;17/05/2021;7.2
17/05/2021;7.3;7.2;7.3;7.1;7.136241875;65075;464390.94;14/05/2021;7.45
14/05/2021;7.7;7.45;7.7;7.45;7.460669912;290262;2165548.97;13/05/2021;7.52
13/05/2021;7.14;7.52;7.52;7.13;7.495637609;3263208;24459824.61;12/05/2021;7.11
12/05/2021;7.05;7.11;7.12;7;7.001482601;4056525;28401689.21;11/05/2021;7
11/05/2021;7;7;7;6.93;6.937580134;1530754;10619728.54;10/05/2021;6.86
10/05/2021;6.77;6.86;7;6.77;6.926517115;65908;456512.89;7/05/2021;6.62
7/05/2021;6.6;6.62;6.8;6.6;6.617628377;673526;4457144.77;6/05/2021;6.56
6/05/2021;6.55;6.56;6.58;6.55;6.557695245;21998;144256.18;5/05/2021;6.6
5/05/2021;6.61;6.6;6.65;6.6;6.612877804;43283;286225.19;4/05/2021;6.6
4/05/2021;6.8;6.6;6.8;6.6;6.689974078;11959;80005.4;3/05/2021;6.8
3/05/2021;6.9;6.8;6.91;6.8;6.871596141;103036;708021.78;30/04/2021;6.9
30/04/2021;7.1;6.9;7.1;6.9;7.021600812;290309;2038433.91;29/04/2021;7
29/04/2021;6.9;7;7;6.9;6.98696343;35876;250664.3;28/04/2021;6.76
28/04/2021;6.7;6.76;6.9;6.7;6.704763139;582662;3906610.7;27/04/2021;6.7
27/04/2021;6.83;6.7;6.88;6.7;6.812771941;124108;845519.5;26/04/2021;6.84
26/04/2021;6.4;6.84;6.84;6.4;6.583340584;100686;662850.23;23/04/2021;6.4
23/04/2021;6.58;6.4;6.6;6.4;6.586954103;1016144;6693293.89;22/04/2021;6.58
22/04/2021;7;6.83;7.05;6.79;7.004167478;711939;4986539.99;21/04/2021;7.05
21/04/2021;7.1;7.05;7.1;7.05;7.068582332;612146;4327004.4;20/04/2021;7.1
20/04/2021;7.15;7.1;7.18;6.97;7.048830918;1151254;8114994.79;19/04/2021;7.15
19/04/2021;7.5;7.15;7.5;7.15;7.247343739;156773;1136187.82;16/04/2021;7.64
16/04/2021;7.68;7.64;7.68;7.64;7.652110277;22253;170282.41;15/04/2021;7.68
15/04/2021;7.7;7.68;7.7;7.68;7.699601536;214022;1647884.12;14/04/2021;7.69
14/04/2021;7.69;7.69;7.69;7.69;7.695215323;3994;30734.69;13/04/2021;7.7
13/04/2021;7.65;7.7;7.7;7.65;7.697141691;98030;754550.8;12/04/2021;7.6
12/04/2021;7.68;7.6;7.68;7.48;7.494463526;81989;614463.57;9/04/2021;7.72
9/04/2021;7.64;7.72;7.74;7.64;7.721382673;152979;1181209.4;8/04/2021;7.74
8/04/2021;7.74;7.74;7.74;7.74;7.739990347;195798;1515474.63;7/04/2021;7.74
7/04/2021;7.74;7.74;7.74;7.74;7.74;265003;2051123.22;6/04/2021;7.74
6/04/2021;7.74;7.74;7.77;7.74;7.753111351;46340;359279.18;5/04/2021;7.7
5/04/2021;7.7;7.7;7.74;7.7;7.708332363;60115;463386.4;31/03/2021;7.65
31/03/2021;7.7;7.65;7.7;7.6;7.677046536;137293;1054004.75;30/03/2021;7.7
30/03/2021;7.7;7.7;7.75;7.69;7.715520093;1011695;7805753.1;29/03/2021;7.73
29/03/2021;7.75;7.73;7.83;7.73;7.753050316;137848;1068742.48;26/03/2021;7.73
26/03/2021;7.88;7.73;7.88;7.73;7.81676743;1345162;10514818.51;25/03/2021;7.89
25/03/2021;7.89;7.89;7.89;7.88;7.88774954;16290;128491.44;24/03/2021;7.9
24/03/2021;7.9;7.9;7.91;7.89;7.896784716;202175;1596532.45;23/03/2021;7.9
23/03/2021;7.91;7.9;7.91;7.9;7.904215877;15935;125953.68;22/03/2021;7.91
22/03/2021;7.95;7.91;7.95;7.91;7.941968191;5030;39948.1;19/03/2021;7.95
19/03/2021;7.93;7.95;7.95;7.93;7.938002302;93833;744846.57;18/03/2021;7.93
18/03/2021;8.05;7.93;8.05;7.93;7.965745135;20607;164150.11;17/03/2021;8.05
17/03/2021;8.05;8.05;8.05;8.05;8.049993804;203351;1636974.29;16/03/2021;8.02
16/03/2021;8.05;8.02;8.05;8.02;8.034869253;5851;47012.02;15/03/2021;8.05
15/03/2021;8.05;8.05;8.06;8.05;8.050015618;1619888;13040123.7;12/03/2021;8.05
12/03/2021;8.08;8.05;8.08;8.05;8.050095781;735952;5924484.09;11/03/2021;8.06
11/03/2021;8.05;8.06;8.09;8.05;8.054521955;58530;471431.17;10/03/2021;8.05
10/03/2021;8.03;8.05;8.05;7.85;7.959524095;190227;1514116.39;9/03/2021;8.01
9/03/2021;8;8.01;8.01;8;8.009978563;9190302;73614122.01;8/03/2021;8.1
8/03/2021;8.21;8.1;8.21;8.1;8.106802587;54591;442558.46;5/03/2021;8.21
5/03/2021;8.25;8.21;8.25;8.2;8.22582906;120896;994469.83;4/03/2021;8.25
4/03/2021;8.25;8.25;8.3;8.24;8.260541249;109820;907172.64;3/03/2021;8.3
3/03/2021;8.23;8.3;8.3;8.22;8.289013142;126310;1046985.25;2/03/2021;8.24
2/03/2021;8.2;8.24;8.24;8.2;8.200420484;777247;6373752.22;1/03/2021;8.2
1/03/2021;8.14;8.2;8.22;8.14;8.16531217;1455232;11882423.56;26/02/2021;8.1
26/02/2021;8.17;8.1;8.17;8.1;8.104980331;67365;545992;25/02/2021;8.17
25/02/2021;8.15;8.17;8.17;8.15;8.166522937;263527;2152099.29;24/02/2021;8.15
24/02/2021;8.14;8.15;8.2;8.14;8.15033048;1430404;11658265.32;23/02/2021;8.15
23/02/2021;8.14;8.15;8.15;8.14;8.149665131;489146;3986376.1;22/02/2021;8.14
22/02/2021;8.15;8.14;8.15;8.14;8.143722542;9378;76371.83;19/02/2021;8.11
19/02/2021;8.15;8.11;8.15;8.11;8.149834562;738224;6016403.47;18/02/2021;8.2
18/02/2021;8.2;8.2;8.2;8.1;8.172054625;945788;7729031.2;17/02/2021;8.2
17/02/2021;8.2;8.2;8.23;8.2;8.205704736;31714;260235.72;16/02/2021;8.22
16/02/2021;8.27;8.22;8.27;8.22;8.245208462;50105;413126.17;15/02/2021;8.3
15/02/2021;8.27;8.3;8.32;8.27;8.300219495;42370;351680.3;12/02/2021;8.27
12/02/2021;8.27;8.27;8.27;8.27;8.270588235;1020;8436;11/02/2021;8.27
11/02/2021;8.31;8.27;8.31;8.27;8.298973684;80482;667918;10/02/2021;8.3
10/02/2021;8.32;8.3;8.37;8.3;8.359618848;108277;905154.45;9/02/2021;8.32
9/02/2021;8.37;8.32;8.37;8.32;8.369877065;650749;5446689.13;8/02/2021;8.32
8/02/2021;8.28;8.32;8.33;8.28;8.329369689;1639079;13652494.94;5/02/2021;8.28
5/02/2021;8.15;8.28;8.28;8.15;8.220652848;183718;1510281.9;4/02/2021;8.15
4/02/2021;8.14;8.15;8.15;8.14;8.142854038;38188;310959.31;3/02/2021;8.14
3/02/2021;8.2;8.14;8.2;8.14;8.153796159;115011;937776.25;2/02/2021;8.19
2/02/2021;8.21;8.19;8.21;8.17;8.17445189;50145;409907.89;1/02/2021;8.2
1/02/2021;8.19;8.2;8.2;8.19;8.198673148;17794;145887.19;29/01/2021;8.2
29/01/2021;8.13;8.2;8.2;8.13;8.173409994;140880;1151470;28/01/2021;8.13
28/01/2021;8.1;8.13;8.13;8.1;8.111592115;6595;53495.95;27/01/2021;8.15
27/01/2021;8.15;8.15;8.15;8.1;8.149819222;2004831;16339010.22;26/01/2021;8.18
26/01/2021;8.2;8.18;8.2;8.18;8.185478205;43496;356035.56;25/01/2021;8.2
25/01/2021;8.2;8.2;8.2;8.2;8.2;1641709;13462013.8;22/01/2021;8.2
22/01/2021;8.2;8.2;8.3;8.15;8.240584182;320431;2640538.63;21/01/2021;8.2
21/01/2021;8.2;8.2;8.2;8.2;8.2;259239;2125759.8;20/01/2021;8.2
20/01/2021;8.2;8.2;8.21;8.2;8.200908634;65593;537922.2;19/01/2021;8.2
19/01/2021;8.05;8.2;8.2;8.05;8.166754074;638961;5218237.35;18/01/2021;8.05
18/01/2021;8.1;8.05;8.15;8.05;8.108537384;21065;170806.34;15/01/2021;8.1
15/01/2021;8.18;8.1;8.2;8.1;8.173715976;307580;2514071.56;14/01/2021;8.2
14/01/2021;8.15;8.2;8.2;8.15;8.180525353;1139081;9318281;13/01/2021;8.19
13/01/2021;8.15;8.19;8.2;8.15;8.183232628;381640;3123048.9;12/01/2021;8.15
12/01/2021;8.2;8.15;8.2;8.15;8.181869577;11179;91465.12;11/01/2021;8.2
11/01/2021;8.08;8.2;8.2;8;8.194865978;1236921;10136401.82;8/01/2021;8.1
8/01/2021;8.1;8.1;8.14;8;8.09566521;582245;4713660.59;7/01/2021;8.05
7/01/2021;7.52;8.05;8.05;7.52;7.927621671;1595158;12645809.13;6/01/2021;7.52
6/01/2021;7.51;7.52;7.52;7.5;7.506279784;24762;185870.5;5/01/2021;7.5
5/01/2021;7.5;7.5;7.5;7.5;7.5;1025955;7694662.5;4/01/2021;7.4
4/01/2021;7.15;7.4;7.4;7.15;7.219518893;2126139;15349700.68;31/12/2020;7.15
31/12/2020;7.15;7.15;7.15;7.15;7.15;6254;44716.1;30/12/2020;7.17
30/12/2020;7.18;7.17;7.18;7.17;7.178899472;18373;131897.92;29/12/2020;7.19
29/12/2020;7.17;7.19;7.2;7.17;7.174110083;22165;159014.15;28/12/2020;7.15
28/12/2020;7.12;7.15;7.16;7.12;7.146841807;51140;365489.49;24/12/2020;7.12
24/12/2020;7.12;7.12;7.12;7.11;7.118874614;275461;1960972.32;23/12/2020;7.12
23/12/2020;7.13;7.12;7.15;7.1;7.110802734;457549;3253540.68;22/12/2020;7.13
22/12/2020;7.19;7.13;7.19;7.1;7.119890989;172276;1226586.34;21/12/2020;7.13
21/12/2020;7.16;7.13;7.16;7.13;7.137967288;160431;1145151.23;18/12/2020;7.2
18/12/2020;7.2;7.2;7.2;7.18;7.194805128;742155;5339660.6;17/12/2020;7.16
17/12/2020;7.16;7.16;7.16;7.16;7.16;741086;5306175.76;16/12/2020;7.16
16/12/2020;7.15;7.16;7.16;7.15;7.159801369;100689;720913.24;15/12/2020;7.18
15/12/2020;7.18;7.18;7.18;7.18;7.18;88914;638402.52;14/12/2020;7.18
14/12/2020;7.2;7.18;7.2;7.18;7.187978626;235053;1689555.94;11/12/2020;7.2
11/12/2020;7.25;7.2;7.28;7.18;7.207559159;173600;1251232.27;10/12/2020;7.3
10/12/2020;7.35;7.3;7.35;7.29;7.321353938;143463;1050343.4;9/12/2020;7.35
9/12/2020;7.46;7.35;7.46;7.35;7.366779468;56087;413180.56;7/12/2020;7.45
7/12/2020;7.2;7.45;7.45;7.2;7.286869496;14988;109215.6;4/12/2020;7.1
4/12/2020;7.1;7.1;7.2;7.1;7.100246138;459905;3265438.7;3/12/2020;7.09
3/12/2020;7.09;7.09;7.12;7.09;7.090028375;1268704;8995147.36;2/12/2020;7.09
2/12/2020;7.09;7.09;7.09;7.09;7.09;1437279;10190308.11;1/12/2020;7.1
1/12/2020;7.09;7.1;7.1;7.09;7.099008539;1046496;7429084.04;30/11/2020;7.1
30/11/2020;7.1;7.1;7.1;7;7.014531478;416149;2919090.26;27/11/2020;7.1
27/11/2020;7.2;7.1;7.2;7.1;7.176223724;91863;659229.44;26/11/2020;7.2
26/11/2020;7.25;7.2;7.25;7.2;7.214667522;9354;67486;25/11/2020;7.3
25/11/2020;7.45;7.3;7.45;7.3;7.308710939;80260;586597.14;24/11/2020;7.4
24/11/2020;7.3;7.4;7.4;7.3;7.305775339;173150;1264995;23/11/2020;7.3
23/11/2020;7.27;7.3;7.3;7.21;7.258974827;189490;1375503.14;20/11/2020;7.2
20/11/2020;7.25;7.2;7.25;7.2;7.244460938;74101;536821.8;19/11/2020;7.15
19/11/2020;7.15;7.15;7.25;7.15;7.21913406;61286;442431.85;18/11/2020;7.15
18/11/2020;7;7.15;7.15;7;7.003097516;576026;4033966.25;17/11/2020;7
17/11/2020;7;7;7.01;6.99;6.997452308;664366;4648869.4;16/11/2020;7
16/11/2020;7.01;7;7.01;7;7.009824726;872579;6116625.85;13/11/2020;7.01
13/11/2020;7;7.01;7.01;6.99;6.991351843;110967;775809.34;12/11/2020;7
12/11/2020;7;7;7.02;7;7.000047261;312309;2186177.76;11/11/2020;7
11/11/2020;7;7;7;6.99;6.997899927;512487;3586332.74;10/11/2020;6.89
10/11/2020;7;6.89;7;6.89;6.902635121;277103;1912740.9;9/11/2020;7.2
9/11/2020;7;7.2;7.2;7;7.114979741;546432;3887852.61;6/11/2020;6.9
6/11/2020;7;6.9;7;6.75;6.820932069;229822;1567600.25;5/11/2020;7
5/11/2020;7.05;7;7.05;7;7.018863142;217758;1528413.6;4/11/2020;6.95
4/11/2020;7.05;6.95;7.05;6.95;7.004892509;134849;944602.75;3/11/2020;7.05
3/11/2020;7.05;7.05;7.12;7.05;7.072107574;100656;711850.06;2/11/2020;7.05
2/11/2020;7.05;7.05;7.05;7.05;7.04996889;160719;1133063.95;30/10/2020;7
30/10/2020;7.05;7;7.1;7;7.04751269;250009;1761941.6;29/10/2020;7.03
29/10/2020;7.25;7.03;7.25;7.03;7.042017992;838725;5906316.54;28/10/2020;7.25
28/10/2020;7.28;7.25;7.28;7.25;7.259331674;11252;81682;27/10/2020;7.38
27/10/2020;7.38;7.38;7.38;7.38;7.38;36976;272882.88;26/10/2020;7.38
26/10/2020;7.4;7.38;7.4;7.38;7.389881922;795742;5880439.42;23/10/2020;7.4
23/10/2020;7.4;7.4;7.4;7.4;7.4;20075;148555;22/10/2020;7.4
22/10/2020;7.4;7.4;7.4;7.35;7.399266071;383416;2836997;20/10/2020;7.45
21/10/2020;;;;;7.45;578;4306.1;20/10/2020;7.45
20/10/2020;7.5;7.45;7.55;7.4;7.454201644;449574;3351215.25;19/10/2020;7.5
19/10/2020;7.45;7.5;7.5;7.45;7.454120917;109745;818052.5;16/10/2020;7.5
16/10/2020;7.6;7.5;7.6;7.5;7.540109118;3410251;25713664.66;15/10/2020;7.6
15/10/2020;7.6;7.6;7.6;7.59;7.599831991;196418;1492743.8;14/10/2020;7.6
14/10/2020;7.7;7.6;7.7;7.6;7.60205685;59314;450908.4;13/10/2020;7.7
13/10/2020;7.8;7.7;7.8;7.7;7.708428887;56164;432936.2;12/10/2020;7.82
12/10/2020;7.9;7.82;7.9;7.8;7.864187163;16670;131096;9/10/2020;7.7
9/10/2020;7.7;7.7;7.7;7.7;;3515;;8/10/2020;7.7
8/10/2020;7.71;7.7;7.71;7.7;7.702449114;6092;46923.32;7/10/2020;7.7
7/10/2020;7.7;7.7;7.7;7.7;7.7;295586;2276012.2;6/10/2020;7.7
6/10/2020;7.7;7.7;7.7;7.69;7.699991308;1265477;9744161.9;5/10/2020;7.7
5/10/2020;7.7;7.7;7.7;7.7;7.700055035;654131;5036844.7;2/10/2020;7.7
2/10/2020;7.7;7.7;7.7;7.7;7.7;55740;429198;1/10/2020;7.7
1/10/2020;7.7;7.7;7.7;7.7;7.7;42945;330676.5;30/09/2020;7.67
30/09/2020;7.6;7.67;7.67;7.6;7.615642017;227346;1731385.75;29/09/2020;7.59
29/09/2020;7.59;7.59;7.59;7.59;7.59;14727;111777.93;28/09/2020;7.59
28/09/2020;7.59;7.59;7.59;7.59;7.59;9200;69828;25/09/2020;7.59
25/09/2020;7.51;7.59;7.59;7.5;7.517922156;272725;2050325.32;24/09/2020;7.51
24/09/2020;7.53;7.51;7.53;7.51;7.526756757;18500;139245;23/09/2020;7.55
23/09/2020;7.55;7.55;7.6;7.55;7.55319115;50217;379298.6;22/09/2020;7.55
22/09/2020;7.59;7.55;7.59;7.55;7.554547653;59125;446662.63;21/09/2020;7.6
21/09/2020;7.62;7.6;7.62;7.6;7.600332189;167254;1271185.96;18/09/2020;7.67
18/09/2020;7.67;7.67;7.67;7.67;7.67;628254;4818708.18;17/09/2020;7.67
17/09/2020;7.6;7.67;7.67;7.6;7.611872962;183661;1398004.2;16/09/2020;7.57
16/09/2020;7.55;7.57;7.6;7.54;7.551775925;171291;1293551.25;15/09/2020;7.59
15/09/2020;7.58;7.59;7.59;7.58;7.583601805;11522;87378.26;14/09/2020;7.57
14/09/2020;7.57;7.57;7.57;7.57;7.57;203942;1543840.94;11/09/2020;7.56
11/09/2020;7.55;7.56;7.6;7.55;7.5632628;282702;2138149.52;10/09/2020;7.52
10/09/2020;7.62;7.52;7.62;7.5;7.529971116;428269;3224853.2;9/09/2020;7.62
9/09/2020;7.7;7.62;7.7;7.62;7.65201037;26229;200704.58;8/09/2020;7.7
8/09/2020;7.74;7.7;7.74;7.7;7.70026174;137541;1059101.7;7/09/2020;7.74
7/09/2020;7.74;7.74;7.74;7.74;7.74;84057;650601.18;4/09/2020;7.74
4/09/2020;7.78;7.74;7.78;7.74;7.742317098;24945;193132.1;3/09/2020;7.78
3/09/2020;7.8;7.78;7.81;7.78;7.792565124;19578;152562.84;2/09/2020;7.74
2/09/2020;7.96;7.74;7.96;7.74;7.841147951;41169;322812.22;1/09/2020;7.96
1/09/2020;7.96;7.96;7.96;7.9;7.957747036;101200;805324;31/08/2020;7.96
31/08/2020;7.62;7.96;7.96;7.62;7.95335;280000;2226938;28/08/2020;7.54
28/08/2020;7.7;7.54;7.7;7.54;7.610567408;96421;733818.52;27/08/2020;7.7
27/08/2020;7.76;7.7;7.76;7.7;7.70499721;93192;718044.1;26/08/2020;7.75
26/08/2020;7.71;7.75;7.75;7.7;7.700924133;370769;2855263.94;25/08/2020;7.71
25/08/2020;7.73;7.71;7.73;7.71;7.719832148;30801;237778.55;24/08/2020;7.7
24/08/2020;7.6;7.7;7.7;7.6;7.63663868;793840;6062269.25;21/08/2020;7.63
21/08/2020;7.6;7.63;7.63;7.6;7.602078167;384815;2925393.71;20/08/2020;7.6
20/08/2020;7.55;7.6;7.6;7.55;7.594150345;34361;260942.6;19/08/2020;7.55
19/08/2020;7.6;7.55;7.6;7.55;7.553010438;94179;711334.97;18/08/2020;7.68
18/08/2020;7.75;7.68;7.75;7.65;7.672884133;104059;798432.65;17/08/2020;7.75
17/08/2020;7.6;7.75;7.75;7.6;7.686048944;23905;183735;14/08/2020;7.7
14/08/2020;7.7;7.7;7.7;7.7;7.7;124620;959574;13/08/2020;7.7
13/08/2020;7.55;7.7;7.7;7.55;7.608539476;378460;2879527.85;12/08/2020;7.55
12/08/2020;7.55;7.55;7.65;7.55;7.556925087;758402;5731187.1;11/08/2020;7.5
11/08/2020;7.48;7.5;7.6;7.43;7.474289676;495443;3703084.5;10/08/2020;7.48
10/08/2020;7.68;7.73;7.73;7.67;7.724855313;42160;325679.9;7/08/2020;7.65
7/08/2020;7.72;7.65;7.72;7.63;7.665364783;337954;2590540.69;6/08/2020;7.72
6/08/2020;7.8;7.72;7.8;7.72;7.759385756;77689;602818.92;5/08/2020;7.8
5/08/2020;7.75;7.8;7.8;7.75;7.76894034;102212;794078.93;4/08/2020;7.7
4/08/2020;7.7;7.7;7.8;7.7;7.73787663;101094;782252.9;3/08/2020;7.8
3/08/2020;7.94;7.8;7.94;7.8;7.878539928;387933;3056345.63;31/07/2020;7.8
31/07/2020;7.9;7.8;7.9;7.8;7.812797854;745189;5822011.02;30/07/2020;7.9
30/07/2020;7.95;7.9;7.95;7.9;7.942157204;182273;1447640.82;29/07/2020;7.95
29/07/2020;7.96;7.95;8;7.9;7.947688198;448663;3565833.63;27/07/2020;7.95
27/07/2020;7.95;7.95;7.95;7.88;7.886389443;278536;2196643.37;24/07/2020;7.95
24/07/2020;7.95;7.95;7.95;7.92;7.922694214;558649;4426005.2;23/07/2020;8.05
23/07/2020;8.05;8.05;8.05;8.05;8.05;53242;428598.1;22/07/2020;8.08
22/07/2020;8;8.08;8.1;8;8.082715163;73793;596447.8;21/07/2020;8.1
21/07/2020;8;8.1;8.1;8;8.005823476;10990;87984;20/07/2020;7.78
20/07/2020;7.78;7.78;7.78;7.78;7.78;5150;40067;17/07/2020;7.7
17/07/2020;7.8;7.7;7.8;7.7;7.748835843;301102;2333189.97;16/07/2020;7.88
16/07/2020;7.9;7.88;7.9;7.88;7.895915803;28647;226194.3;15/07/2020;7.9
15/07/2020;7.93;7.9;7.95;7.9;7.922221908;300134;2377728.15;14/07/2020;7.93
14/07/2020;8;7.93;8;7.93;7.939763158;28500;226283.25;13/07/2020;7.85
13/07/2020;8;7.85;8;7.85;7.874613867;473438;3728141.44;10/07/2020;8
10/07/2020;8.1;8;8.1;7.92;7.951242903;478034;3800964.45;9/07/2020;8.1
9/07/2020;8.1;8.1;8.1;8.1;8.091013168;2734;22120.83;8/07/2020;8.05
8/07/2020;8.12;8.05;8.15;8.05;8.139163992;177594;1445466.69;7/07/2020;8.12
7/07/2020;8.11;8.12;8.13;8.11;8.126825267;83270;676720.74;6/07/2020;8.12
6/07/2020;8.12;8.12;8.12;8.03;8.072844949;47565;383984.87;3/07/2020;8.12
3/07/2020;8.1;8.12;8.12;8.1;8.102485501;24140;195594;2/07/2020;8.1
2/07/2020;8.1;8.1;8.11;8.05;8.052394209;355441;2862151.05;1/07/2020;8.1
1/07/2020;8.03;8.1;8.1;8.03;8.052063367;206226;1660544.82;30/06/2020;8.03
30/06/2020;8;8.03;8.05;7.98;7.989156313;528336;4220958.89;26/06/2020;7.95
26/06/2020;8;7.95;8;7.95;7.982808995;34329;274041.85;25/06/2020;7.95
25/06/2020;8.05;7.95;8.05;7.9;7.956576949;350284;2787061.6;24/06/2020;8.15
24/06/2020;8.15;8.15;8.15;8.15;8.150458243;17458;142290.7;23/06/2020;8.19
23/06/2020;8.23;8.19;8.23;8.16;8.205333353;199413;1636250.14;22/06/2020;8.23
22/06/2020;8.23;8.23;8.23;8.23;8.23;358595;2951236.85;19/06/2020;8.23
19/06/2020;8.35;8.23;8.35;8.2;8.202178213;7062722;57929704.51;18/06/2020;8.27
18/06/2020;8.37;8.27;8.37;8.27;8.281340585;159602;1321718.52;17/06/2020;8.37
17/06/2020;8.45;8.37;8.45;8.37;8.388081483;114870;963538.92;16/06/2020;8.45
16/06/2020;8.2;8.45;8.45;8.2;8.347854825;796984;6653106.73;15/06/2020;8.15
15/06/2020;8.2;8.15;8.2;8.12;8.13888636;406801;3310907.11;12/06/2020;8.2
12/06/2020;8.23;8.2;8.3;8.18;8.212447444;376458;3091641.54;11/06/2020;8.23
11/06/2020;8.4;8.23;8.4;8.1;8.250628681;325857;2688525.11;10/06/2020;8.45
10/06/2020;8.4;8.45;8.45;8.3;8.401938355;491912;4133014.3;9/06/2020;8.45
9/06/2020;8.52;8.45;8.59;8.45;8.497100233;430138;3654925.7;8/06/2020;8.6
8/06/2020;8.66;8.6;8.67;8.6;8.64673661;305725;2643523.55;5/06/2020;8.65
5/06/2020;8.15;8.65;8.7;8.15;8.485481727;1378945;11701012.6;4/06/2020;8.13
4/06/2020;8;8.13;8.13;8;8.090458539;1099427;8894868.56;3/06/2020;7.92
3/06/2020;7.8;7.92;7.93;7.8;7.863850904;370191;2911126.83;2/06/2020;7.8
2/06/2020;7.8;7.8;7.81;7.8;7.809145852;2286829;17858181.2;1/06/2020;7.75
1/06/2020;7.8;7.75;7.8;7.7;7.727079038;250195;1933276.54;29/05/2020;7.8
29/05/2020;7.75;7.8;7.83;7.75;7.793903255;336760;2624674.86;28/05/2020;7.75
28/05/2020;7.62;7.75;7.75;7.62;7.69019007;305466;2349091.6;27/05/2020;7.55
27/05/2020;7.6;7.55;7.6;7.55;7.555206655;149186;1127131.06;26/05/2020;7.6
26/05/2020;7.7;7.6;7.7;7.6;7.643711678;213650;1633079;25/05/2020;7.7
25/05/2020;7.72;7.7;7.72;7.7;7.700845269;42590;327979;22/05/2020;7.72
22/05/2020;7.8;7.72;7.8;7.51;7.618248217;258411;1968639.14;21/05/2020;7.75
21/05/2020;7.8;7.75;7.81;7.7;7.778706282;135300;1052458.96;20/05/2020;7.89
20/05/2020;8;7.89;8;7.89;7.914493257;130589;1033545.76;19/05/2020;7.95
19/05/2020;8;7.95;8.04;7.93;7.967715011;301892;2405389.42;18/05/2020;7.99
18/05/2020;7.65;7.99;7.99;7.65;7.740246354;89627;693735.06;15/05/2020;7.6
15/05/2020;7.55;7.6;7.65;7.55;7.55832118;375055;2834786.15;14/05/2020;7.6
14/05/2020;7.6;7.6;7.6;7.2;7.492795438;489748;3669581.58;13/05/2020;7.6
13/05/2020;7.81;7.6;7.81;7.6;7.676405566;330600;2537819.68;12/05/2020;7.81
12/05/2020;7.55;7.81;8;7.55;7.86577906;881922;6937003.6;11/05/2020;7.55
11/05/2020;7.41;7.55;7.55;7.41;7.460804898;294994;2200892.68;8/05/2020;7.49
8/05/2020;7.23;7.49;7.49;7.23;7.415727067;1765352;13091368.61;7/05/2020;7.15
7/05/2020;7.3;7.15;7.3;7.15;7.183782763;218351;1568586.15;6/05/2020;7.3
6/05/2020;7.1;7.3;7.3;7;7.059201144;437576;3088937;5/05/2020;7.06
5/05/2020;6.81;7.06;7.06;6.76;6.771365064;678232;4592556.47;4/05/2020;6.8
4/05/2020;6.91;6.8;6.91;6.76;6.793512041;520048;3532952.35;30/04/2020;6.86
30/04/2020;6.9;6.86;7;6.85;6.916759561;142814;987810.1;29/04/2020;6.85
29/04/2020;6.8;6.85;6.97;6.8;6.827553644;907922;6198886.16;28/04/2020;6.8
28/04/2020;6.81;6.8;6.86;6.8;6.806250053;332938;2266059.28;27/04/2020;6.81
27/04/2020;7;6.81;7;6.81;6.9048008;280422;1936258.05;24/04/2020;7
24/04/2020;7.1;7;7.12;7;7.035474177;337437;2374029.3;23/04/2020;7.1
23/04/2020;7.2;7.1;7.2;7.1;7.165548604;844198;6049141.8;22/04/2020;7.2
22/04/2020;7.45;7.2;7.45;7.19;7.268384578;395816;2876942.91;21/04/2020;7.46
21/04/2020;7.5;7.46;7.5;7.46;7.494792548;76813;575697.5;20/04/2020;7.6
20/04/2020;7.6;7.6;7.6;7.6;7.6;99810;758556;17/04/2020;7.6
17/04/2020;7.25;7.6;7.6;7.25;7.27432138;1671517;12159151.85;16/04/2020;7.25
16/04/2020;7.17;7.25;7.25;7.17;7.222647173;309840;2237865;15/04/2020;7.12
15/04/2020;7.15;7.12;7.15;7.07;7.090060901;182262;1292248.68;14/04/2020;7
14/04/2020;7;7;7.05;6.99;6.997188879;400744;2804081.46;13/04/2020;7
13/04/2020;7;7;7;6.99;6.999803605;216502;1515471.48;8/04/2020;6.99
8/04/2020;7;6.99;7;6.97;6.996636315;208777;1460736.74;7/04/2020;7
7/04/2020;7;7;7;6.97;6.999020638;190961;1336539.98;6/04/2020;7
6/04/2020;7;7;7;6.95;6.99109935;188102;1315039.77;3/04/2020;7
3/04/2020;7.25;7;7.25;7;7.058389694;661812;4671327;2/04/2020;7.25
2/04/2020;7.3;7.25;7.35;7.25;7.270291501;233344;1696478.9;1/04/2020;7.3
1/04/2020;7.35;7.3;7.35;7.25;7.330999681;216349;1586054.45;31/03/2020;7.35
31/03/2020;7.6;7.35;7.6;7.35;7.52520077;539099;4056828.21;30/03/2020;7.6
30/03/2020;7.85;7.6;7.85;7.5;7.69950212;3784785;29140960.13;27/03/2020;8
27/03/2020;8;8;8;7.85;7.98053291;748232;5971290.1;26/03/2020;8
26/03/2020;7.9;8;8;7.9;7.925787549;2029595;16086138.78;25/03/2020;7.9
25/03/2020;7.91;7.9;7.91;7.8;7.802986151;937213;7313060.06;24/03/2020;7.9
24/03/2020;7.75;7.9;7.9;7.75;7.889205533;2680364;21145942.5;23/03/2020;7.75
23/03/2020;7.55;7.75;7.75;7.55;7.734637238;54912;424724.4;20/03/2020;7.55
20/03/2020;7.37;7.55;7.6;7.37;7.49063472;386690;2896553.54;19/03/2020;7.3
19/03/2020;7.2;7.3;7.3;7.2;7.294013774;334969;2443268.5;18/03/2020;7.2
18/03/2020;7.15;7.2;7.21;7.13;7.167560607;180012;1290246.92;17/03/2020;7.15
17/03/2020;7.05;7.15;7.15;7.05;7.13091126;335645;2393454.71;16/03/2020;7
16/03/2020;7;7;7;6.99;6.99856074;195802;1370332.19;13/03/2020;7.25
13/03/2020;7.45;7.25;7.5;7.2;7.331644274;381293;2795504.64;12/03/2020;7.4
12/03/2020;8.16;7.4;8.16;7.3;7.618556928;213295;1625000.1;11/03/2020;8.23
11/03/2020;8.4;8.23;8.4;8.23;8.313597715;85268;708883.85;10/03/2020;8.4
10/03/2020;8.5;8.4;8.5;8.4;8.417505666;525527;4423626.5;9/03/2020;8.31
9/03/2020;8.5;8.31;8.5;8.22;8.306755456;198635;1650012.37;6/03/2020;8.6
6/03/2020;8.75;8.6;8.75;8.6;8.731599228;1353878;11821520.1;5/03/2020;8.79
5/03/2020;8.79;8.79;8.79;8.79;8.79;104400;917676;4/03/2020;8.75
4/03/2020;8.7;8.75;8.75;8.65;8.700035093;701004;6098759.4;3/03/2020;8.7
3/03/2020;8.6;8.7;8.7;8.55;8.605994216;185337;1595009.15;2/03/2020;8.55
2/03/2020;8.55;8.55;8.55;8.54;8.543971138;67424;576068.71;28/02/2020;8.5
28/02/2020;8.62;8.5;8.62;8.5;8.515319929;161536;1375530.72;27/02/2020;8.62
27/02/2020;8.75;8.62;8.75;8.62;8.656833968;631756;5469006.8;26/02/2020;8.9
26/02/2020;9;8.9;9;8.9;8.961549571;33235;297837.1;25/02/2020;9
25/02/2020;9.05;9;9.05;9;9.034765387;49230;444781.5;24/02/2020;9.05
24/02/2020;9.08;9.05;9.08;9.05;9.070047151;138703;1258042.75;21/02/2020;9.1
21/02/2020;9.1;9.1;9.1;9.1;9.1;3347;30457.7;20/02/2020;9.1
20/02/2020;9.1;9.1;9.1;9.1;9.1;12163;110683.3;19/02/2020;9.1
19/02/2020;9.1;9.1;9.1;9.1;9.1;3283;29875.3;18/02/2020;9.07
18/02/2020;9.12;9.07;9.12;9.07;9.100032925;69855;635682.8;17/02/2020;9.12
17/02/2020;9.12;9.12;9.12;9.12;9.12;2186;19936.32;14/02/2020;9.15
14/02/2020;9.15;9.15;9.15;9.15;9.15;122328;1119301.2;13/02/2020;9.15
13/02/2020;9.15;9.15;9.15;9.15;9.15;156420;1431243;12/02/2020;9.15
12/02/2020;9.26;9.15;9.26;9.14;9.169634369;233651;2142494.24;11/02/2020;9.25
11/02/2020;9.25;9.25;9.25;9.25;9.25;321756;2976243;10/02/2020;9.2
10/02/2020;9.2;9.2;9.2;9.2;9.2;77898;716661.6;7/02/2020;9.15
7/02/2020;9.15;9.15;9.15;9.15;9.15;533443;4881003.45;6/02/2020;9.15
6/02/2020;9.15;9.15;9.15;9.15;9.153752736;9593;87811.95;5/02/2020;9.15
5/02/2020;9.15;9.15;9.15;9.15;9.15;5100;46665;4/02/2020;9.1
4/02/2020;9.1;9.1;9.1;9.1;9.1;268955;2447490.5;3/02/2020;9.05
3/02/2020;9.1;9.05;9.1;9;9.087899287;501363;4556336.45;31/01/2020;9.1
31/01/2020;9.25;9.1;9.3;9.1;9.296478368;766690;7127517;30/01/2020;9.3
30/01/2020;9.35;9.3;9.35;9.3;9.334803951;510001;4760759.35;29/01/2020;9.3
29/01/2020;9.24;9.3;9.35;9.24;9.307376398;521737;4856002.64;28/01/2020;9.2
28/01/2020;9.19;9.2;9.2;9.19;9.199403875;33550;308640;27/01/2020;9.19
27/01/2020;9.23;9.19;9.23;9.19;9.198000093;258122;2374206.18;24/01/2020;9.22
24/01/2020;9.24;9.22;9.24;9.22;9.2204151;277042;2554442.24;23/01/2020;9.2
23/01/2020;9.17;9.2;9.2;9.17;9.190765343;167402;1538552.5;22/01/2020;9.17
22/01/2020;9.1;9.17;9.17;9.1;9.143421881;1063830;9727046.5;21/01/2020;9.1
21/01/2020;9;9.1;9.1;9;9.059136205;794378;7196378.5;20/01/2020;9
20/01/2020;9;9;9;9;9;6480;58320;17/01/2020;9
17/01/2020;9;9;9;9;9;1210000;10890000;16/01/2020;9
16/01/2020;9.05;9;9.07;9;9.006224753;97387;877089.21;15/01/2020;9.05
15/01/2020;9;9.05;9.1;9;9.002319759;1008122;9075436.6;14/01/2020;9
14/01/2020;8.97;9;9.05;8.95;8.996560029;498667;4486287.6;13/01/2020;8.92
13/01/2020;9;8.92;9.01;8.92;8.97672326;64790;581601.9;10/01/2020;9
10/01/2020;9;9;9;8.95;8.99432296;11890;106942.5;9/01/2020;9
9/01/2020;9;9;9;9;9;524012;4716108;8/01/2020;9.08
8/01/2020;9.1;9.08;9.1;9.08;9.082591614;159746;1450907.68;7/01/2020;9.13
7/01/2020;9.15;9.13;9.15;9.13;9.141423671;116600;1065890;6/01/2020;9.15
6/01/2020;9.15;9.15;9.15;9.15;9.15;3590;32848.5;3/01/2020;9.15
3/01/2020;9.18;9.15;9.18;9.15;9.161737693;55965;512736.65;2/01/2020;9.19
2/01/2020;9.2;9.19;9.2;9.19;9.199975258;413863;3807529.36;31/12/2019;9.2
31/12/2019;9.2;9.2;9.2;9.2;9.2;55000;506000;30/12/2019;9.2
30/12/2019;9.2;9.2;9.2;9.2;9.200321554;242261;2228879.1;27/12/2019;9.2
27/12/2019;9.2;9.2;9.2;9.2;9.2;146736;1349971.2;26/12/2019;9.2
26/12/2019;9.14;9.2;9.2;9.14;9.173805447;6425;58941.7;24/12/2019;9.19
24/12/2019;9.2;9.19;9.2;9.19;9.199341753;154076;1417397.78;23/12/2019;9.2
23/12/2019;9.2;9.2;9.2;9.19;9.199647116;55854;513837.09;20/12/2019;9.2
20/12/2019;9.2;9.2;9.2;9.2;9.2;121602;1118738.4;19/12/2019;9.2
19/12/2019;8.84;9.2;9.2;8.84;9.067175477;405456;3676340.7;18/12/2019;8.79
18/12/2019;8.7;8.79;8.79;8.7;8.725931753;46273;403775.04;17/12/2019;8.7
17/12/2019;8.7;8.7;8.7;8.7;8.699999165;598957;5210925.4;16/12/2019;8.7
16/12/2019;8.73;8.7;8.75;8.7;8.704700422;76057;662053.4;13/12/2019;8.75
13/12/2019;8.75;8.75;8.75;8.75;8.749852217;10150;88811;12/12/2019;8.75
12/12/2019;8.8;8.75;8.8;8.75;8.763088735;135460;1187048;11/12/2019;8.8
11/12/2019;8.9;8.8;8.9;8.8;8.895390638;427608;3803740.2;10/12/2019;8.95
10/12/2019;8.62;8.95;8.95;8.62;8.807233911;727594;6408090.55;9/12/2019;8.62
9/12/2019;8.55;8.62;8.62;8.55;8.584407334;40689;349290.95;6/12/2019;8.54
6/12/2019;8.5;8.54;8.55;8.5;8.503470331;535410;4552843.05;5/12/2019;8.5
5/12/2019;8.5;8.5;8.51;8.5;8.500016713;1631649;13869043.77;4/12/2019;8.5
4/12/2019;8.65;8.5;8.65;8.5;8.521591741;1823695;15540784.25;3/12/2019;8.65
3/12/2019;8.8;8.65;8.8;8.65;8.769994449;194574;1706412.9;2/12/2019;8.8
2/12/2019;8.8;8.8;8.8;8.8;8.8;39525;347820;29/11/2019;8.8
29/11/2019;8.8;8.8;8.8;8.8;8.8;5000;44000;28/11/2019;8.75
28/11/2019;8.85;8.75;8.85;8.75;8.772929667;80446;705747.1;27/11/2019;8.8
27/11/2019;8.86;8.8;8.86;8.75;8.807178253;151913;1337924.87;26/11/2019;8.9
26/11/2019;8.9;8.9;8.9;8.9;8.9;234048;2083027.2;25/11/2019;8.9
25/11/2019;8.9;8.9;8.9;8.9;8.896945277;5336;47474.1;22/11/2019;8.9
22/11/2019;8.9;8.9;8.9;8.9;8.9;39181;348710.9;21/11/2019;8.9
21/11/2019;8.9;8.9;8.9;8.9;8.9;135002;1201517.8;20/11/2019;8.89
20/11/2019;8.85;8.89;8.89;8.85;8.886416944;130972;1163871.8;19/11/2019;8.85
19/11/2019;8.93;8.85;8.93;8.85;8.879655405;418578;3716828.4;18/11/2019;8.93
18/11/2019;8.97;8.93;8.97;8.93;8.930470202;382814;3418709.02;15/11/2019;9
15/11/2019;9;9;9;9;9;15933;143397;14/11/2019;9
14/11/2019;8.96;9;9;8.96;8.993502684;174195;1566623.2;13/11/2019;9
13/11/2019;9;9;9;9;9;147500;1327500;12/11/2019;9
12/11/2019;9;9;9;9;9;96636;869724;11/11/2019;9
11/11/2019;8.95;9;9;8.95;8.954668562;250152;2240028.25;8/11/2019;9
8/11/2019;9.2;9;9.2;9;9.005446614;187052;1684486.8;7/11/2019;9.2
7/11/2019;9.2;9.2;9.2;9.2;9.2;146368;1346585.6;6/11/2019;9.2
6/11/2019;9.2;9.2;9.2;9.2;9.2;652793;6005695.6;5/11/2019;9.2
5/11/2019;9.2;9.2;9.2;9.2;9.2;354552;3261878.4;4/11/2019;9.2
4/11/2019;9.17;9.2;9.2;9.17;9.186880342;14040;128983.8;31/10/2019;9.17
31/10/2019;9.2;9.17;9.2;9.17;9.170219643;537600;4929910.08;30/10/2019;9.16
30/10/2019;9.2;9.16;9.2;9.15;9.171769189;20207;185333.94;29/10/2019;9.2
29/10/2019;9.23;9.2;9.23;9.2;9.213296837;179381;1652690.4;28/10/2019;9.23
28/10/2019;9.15;9.23;9.23;9.15;9.211068702;6550;60332.5;25/10/2019;9.2
25/10/2019;9.23;9.2;9.23;9.2;9.219971386;110085;1014980.55;24/10/2019;9.23
24/10/2019;9.23;9.23;9.23;9.22;9.229871096;92317;852074.01;23/10/2019;9.23
23/10/2019;9.3;9.23;9.3;9.23;9.244817414;235533;2177459.58;22/10/2019;9.32
22/10/2019;9.36;9.32;9.36;9.32;9.340875025;10194;95220.88;21/10/2019;9.4
21/10/2019;9.45;9.4;9.45;9.4;9.442564089;75559;713470.7;18/10/2019;9.41
18/10/2019;9.35;9.41;9.41;9.35;9.370056252;117862;1104373.57;17/10/2019;9.31
17/10/2019;9.31;9.31;9.31;9.31;9.31;5000;46550;16/10/2019;9.26
16/10/2019;9.26;9.26;9.26;9.26;9.26;142429;1318892.54;15/10/2019;9.3
15/10/2019;9.25;9.3;9.3;9.25;9.299192793;30971;288005.3;14/10/2019;9.3
14/10/2019;9.25;9.3;9.3;9.25;9.296956131;91134;847268.8;11/10/2019;9.2
11/10/2019;9.05;9.2;9.2;9;9.123786553;100025;912606.75;10/10/2019;9
10/10/2019;9;9;9;9;8.999982183;291852;2626662.8;9/10/2019;9
9/10/2019;9.02;9;9.03;9;9.006552296;880940;7934232.18;7/10/2019;9.02
7/10/2019;9.01;9.02;9.02;9.01;9.011306241;6890;62087.9;4/10/2019;9.01
4/10/2019;9;9.01;9.05;9;9.002963146;219024;1971865;3/10/2019;9
3/10/2019;9;9;9;9;9;147254;1325286;2/10/2019;9.05
2/10/2019;9.08;9.05;9.08;9.05;9.059046525;8705;78859;1/10/2019;9.08
1/10/2019;9.2;9.08;9.25;9;9.031411453;337404;3047234.35;27/09/2019;9.3
30/09/2019;;;;;;;;27/09/2019;9.3
27/09/2019;9.3;9.3;9.3;9.3;9.3;67323;626103.9;26/09/2019;9.25
26/09/2019;9.26;9.25;9.26;9.25;9.251068934;42098;389451.5;25/09/2019;9.26
25/09/2019;9.3;9.26;9.3;9.26;9.293921303;5896;54796.96;24/09/2019;9.3
24/09/2019;9.35;9.3;9.35;9.3;9.347568945;173398;1620849.76;23/09/2019;9.35
23/09/2019;9.35;9.35;9.4;9.35;9.391811148;88535;831504;20/09/2019;9.3
20/09/2019;9.25;9.3;9.3;9.25;9.250035508;4231455;39141109;19/09/2019;9.25
19/09/2019;9.4;9.25;9.4;9.25;9.25172476;1166591;10792978.84;18/09/2019;9.4
18/09/2019;9.39;9.4;9.4;9.39;9.39313253;4150;38981.5;17/09/2019;9.39
17/09/2019;9.39;9.39;9.39;9.39;9.39;10000;93900;16/09/2019;9.39
16/09/2019;9.39;9.39;9.39;9.39;9.39;1000;9390;13/09/2019;9.4
13/09/2019;9.4;9.4;9.4;9.35;9.352349382;133865;1251952.25;12/09/2019;9.4
12/09/2019;9.4;9.4;9.45;9.4;9.402749678;54370;511227.5;11/09/2019;9.4
11/09/2019;9.4;9.4;9.4;9.4;9.4;281282;2644050.8;10/09/2019;9.4
10/09/2019;9.41;9.4;9.41;9.4;9.400291262;20600;193646;9/09/2019;9.36
9/09/2019;9.4;9.36;9.4;9.36;9.395118272;95458;896839.2;6/09/2019;9.4
6/09/2019;9.4;9.4;9.4;9.35;9.372893963;206834;1938633.15;5/09/2019;9.35
5/09/2019;9.5;9.35;9.5;9.3;9.336328317;1051842;9820342.25;4/09/2019;9.4
4/09/2019;9.5;9.4;9.5;9.4;9.422143428;251415;2368868.19;3/09/2019;9.5
3/09/2019;9.55;9.5;9.55;9.5;9.53267049;71485;681442.95;2/09/2019;9.5
2/09/2019;9.5;9.5;9.55;9.5;9.515912548;446393;4247836.75;29/08/2019;9.5
29/08/2019;9.5;9.5;9.5;9.5;9.5;5550;52725;28/08/2019;9.45
28/08/2019;9.45;9.45;9.45;9.45;9.45;113970;1077016.5;27/08/2019;9.4
27/08/2019;9.35;9.4;9.4;9.35;9.391457433;176955;1661865.35;26/08/2019;9.4
26/08/2019;9.4;9.4;9.4;9.4;9.4;5000;47000;23/08/2019;9.45
23/08/2019;9.5;9.45;9.5;9.45;9.485527945;102056;968055.04;22/08/2019;9.56
22/08/2019;9.7;9.56;9.7;9.56;9.57443644;77454;741578.4;21/08/2019;9.56
21/08/2019;9.6;9.56;9.6;9.56;9.563307692;260000;2486460;20/08/2019;9.7
20/08/2019;9.6;9.7;9.7;9.6;9.600790256;131603;1263492.8;19/08/2019;9.65
19/08/2019;9.65;9.65;9.75;9.65;9.728755556;5625;54724.25;16/08/2019;9.65
16/08/2019;9.65;9.65;9.7;9.65;9.650123752;808069;7797965.85;15/08/2019;9.7
15/08/2019;9.65;9.7;9.7;9.65;9.677651576;12370;119712.55;14/08/2019;9.7
14/08/2019;9.65;9.7;9.7;9.65;9.667748918;2310;22332.5;13/08/2019;9.65
13/08/2019;9.7;9.65;9.7;9.65;9.688579198;2942;28503.8;12/08/2019;9.6
12/08/2019;9.7;9.6;9.7;9.6;9.600653883;229399;2202380.4;9/08/2019;9.7
9/08/2019;9.8;9.7;9.8;9.7;9.747196516;104923;1022705.1;8/08/2019;9.85
8/08/2019;9.8;9.85;9.85;9.75;9.760198298;899504;8779337.41;7/08/2019;9.75
7/08/2019;9.8;9.75;9.8;9.75;9.767910309;937555;9157953.15;6/08/2019;9.8
6/08/2019;9.95;9.8;9.95;9.8;9.821528011;187191;1838501.65;5/08/2019;9.95
5/08/2019;10;9.95;10;9.95;9.992222222;9900;98923;2/08/2019;10.15
2/08/2019;10;10.15;10.15;10;10.08745318;42720;430936;1/08/2019;10.01
1/08/2019;10.5;10.01;10.5;10.01;10.03939394;165000;1656500;31/07/2019;10.6
31/07/2019;10.6;10.6;10.6;10.5;10.59805462;66311;702767.6;30/07/2019;10.69
30/07/2019;10.8;10.69;10.8;10.69;10.74929184;58772;631757.38;26/07/2019;10.9
26/07/2019;10.9;10.9;10.9;10.9;10.89900901;2775;30244.75;25/07/2019;10.9
25/07/2019;10.9;10.9;10.9;10.9;10.9;9389;102340.1;24/07/2019;10.9
24/07/2019;10.85;10.9;10.9;10.8;10.85434058;135293;1468516.3;23/07/2019;10.85
23/07/2019;10.79;10.85;10.85;10.79;10.84822534;49249;534264.25;22/07/2019;10.7
22/07/2019;10.8;10.7;10.8;10.7;10.72561239;203088;2178243.17;19/07/2019;10.75
19/07/2019;10.65;10.75;10.77;10.65;10.6661056;978885;10440890.78;18/07/2019;10.65
18/07/2019;10.65;10.65;10.65;10.65;10.65;3170;33760.5;17/07/2019;10.65
17/07/2019;10.65;10.65;10.66;10.65;10.65011049;66975;713291.15;16/07/2019;10.65
16/07/2019;10.55;10.65;10.65;10.55;10.59019934;30100;318765;15/07/2019;10.55
15/07/2019;10.55;10.55;10.55;10.55;10.55;145183;1531680.65;12/07/2019;10.7
12/07/2019;10.55;10.7;10.7;10.55;10.59836295;147460;1562834.6;11/07/2019;10.55
11/07/2019;10.3;10.55;10.55;10.3;10.53577698;704567;7423160.78;10/07/2019;10.25
10/07/2019;10.25;10.25;10.25;10.25;10.25;187210;1918902.5;9/07/2019;10.25
9/07/2019;10.2;10.25;10.25;10.2;10.24657829;27910;285982;8/07/2019;10.15
8/07/2019;10.28;10.15;10.28;10.15;10.23463277;966146;9888149.51;5/07/2019;10.28
5/07/2019;10.35;10.28;10.35;10.28;10.34047368;87085;900500.15;4/07/2019;10.35
4/07/2019;10.35;10.35;10.35;10.32;10.34987131;530358;5489137.05;3/07/2019;10.34
3/07/2019;10.35;10.34;10.35;10.34;10.3498282;434470;4496689.86;2/07/2019;10.35
2/07/2019;10.33;10.35;10.35;10.33;10.34842327;50738;525058.3;1/07/2019;10.33
1/07/2019;10.33;10.33;10.35;10.3;10.33051038;481893;4978200.64;28/06/2019;10.33
28/06/2019;10.3;10.33;10.33;10.3;10.32788104;21520;222256;27/06/2019;10.32
27/06/2019;10.28;10.32;10.33;10.28;10.31573088;49057;506058.81;26/06/2019;10.28
26/06/2019;10.33;10.28;10.33;10.28;10.28015029;299430;3078185.4;25/06/2019;10.28
25/06/2019;10.35;10.28;10.4;10.28;10.32852778;192424;1987456.63;24/06/2019;10.4
24/06/2019;10.44;10.4;10.44;10.4;10.40882611;51325;534233;21/06/2019;10.44
21/06/2019;10.49;10.44;10.49;10.44;10.46814276;108376;1134495.44;20/06/2019;10.49
20/06/2019;10.5;10.49;10.52;10.49;10.49919847;227277;2386226.33;19/06/2019;10.49
19/06/2019;10.5;10.49;10.5;10.49;10.49271791;20972;220053.28;18/06/2019;10.6
18/06/2019;10.55;10.6;10.6;10.55;10.58458999;22414;237243;17/06/2019;10.55
17/06/2019;10.55;10.55;10.55;10.55;10.55;312290;3294659.5;14/06/2019;10.59
14/06/2019;10.58;10.59;10.6;10.55;10.56464477;104201;1100846.55;13/06/2019;10.58
13/06/2019;10.57;10.58;10.58;10.57;10.57963652;28530;301837.03;12/06/2019;10.57
12/06/2019;10.59;10.57;10.6;10.57;10.57979138;145000;1534069.75;11/06/2019;10.58
11/06/2019;10.58;10.58;10.58;10.58;10.58;214354;2267865.32;10/06/2019;10.58
10/06/2019;10.58;10.58;10.58;10.58;10.58;200000;2116000;7/06/2019;10.55
7/06/2019;10.55;10.55;10.55;10.55;10.55;23759;250657.45;6/06/2019;10.55
6/06/2019;10.57;10.55;10.57;10.55;10.56940044;130095;1375026.15;5/06/2019;10.6
5/06/2019;10.65;10.6;10.65;10.6;10.60535576;189329;2007901.4;4/06/2019;10.65
4/06/2019;10.65;10.65;10.65;10.65;10.65;32050;341332.5;3/06/2019;10.65
3/06/2019;10.65;10.65;10.65;10.65;10.65;370659;3947518.35;31/05/2019;10.64
31/05/2019;10.61;10.64;10.65;10.61;10.64235996;140117;1491175.55;30/05/2019;10.61
30/05/2019;10.61;10.61;10.61;10.61;10.61;93980;997127.8;29/05/2019;10.61
29/05/2019;10.55;10.61;10.61;10.55;10.5565655;430858;4548380.7;28/05/2019;10.55
28/05/2019;10.55;10.55;10.55;10.55;10.55;552169;5825382.95;27/05/2019;10.5
27/05/2019;10.5;10.5;10.5;10.5;10.5;2235;23467.5;24/05/2019;10.45
24/05/2019;10.45;10.45;10.45;10.45;10.45;5000;52250;23/05/2019;10.45
23/05/2019;10.5;10.45;10.5;10.4;10.451633;356590;3726947.81;22/05/2019;10.5
22/05/2019;10.5;10.5;10.5;10.5;10.5;32507;341323.5;21/05/2019;10.55
21/05/2019;10.54;10.55;10.55;10.54;10.54223045;8236;86825.81;20/05/2019;10.54
20/05/2019;10.55;10.54;10.55;10.54;10.54957283;9364;98786.2;17/05/2019;10.5
17/05/2019;10.65;10.5;10.65;10.5;10.57463975;75295;796217.5;16/05/2019;10.7
16/05/2019;10.75;10.7;10.75;10.7;10.71569939;72885;781013.75;15/05/2019;10.75
15/05/2019;10.8;10.75;10.8;10.75;10.77548209;14520;156460;14/05/2019;10.8
14/05/2019;10.85;10.8;10.85;10.75;10.79160075;424514;4581185.6;13/05/2019;10.8
13/05/2019;10.85;10.8;10.85;10.8;10.8006673;104900;1132990;10/05/2019;10.85
10/05/2019;10.8;10.85;10.85;10.8;10.81321042;1329371;14374768.35;9/05/2019;10.75
9/05/2019;10.75;10.75;10.75;10.75;10.75;3000;32250;8/05/2019;10.75
8/05/2019;10.71;10.75;10.75;10.71;10.73358564;81146;870987.54;6/05/2019;10.71
7/05/2019;;;;;10.75;483;5192.25;6/05/2019;10.71
6/05/2019;10.71;10.71;10.71;10.71;10.71;138300;1481193;3/05/2019;10.71
3/05/2019;10.7;10.71;10.73;10.7;10.71308124;85683;917928.94;2/05/2019;10.7
2/05/2019;10.7;10.7;10.7;10.6;10.66622402;133364;1422490.3;30/04/2019;10.7
30/04/2019;10.6;10.7;10.7;10.6;10.61252521;60007;636825.8;29/04/2019;10.65
29/04/2019;10.65;10.65;10.65;10.65;10.65;99346;1058034.9;26/04/2019;10.7
26/04/2019;10.7;10.7;10.7;10.7;10.7;1750;18725;25/04/2019;10.7
25/04/2019;10.71;10.7;10.71;10.66;10.70843521;1366890;14637253;24/04/2019;10.71
24/04/2019;10.76;10.71;10.76;10.71;10.75862892;193278;2079406.28;23/04/2019;10.76
23/04/2019;11.05;11;11.05;11;11.02863558;117017;1290537.85;22/04/2019;11.05
22/04/2019;11.05;11.05;11.05;11;11.04689653;32222;355953.1;17/04/2019;11
17/04/2019;11.05;11;11.05;11;11.01750592;215410;2373280.95;16/04/2019;11.05
16/04/2019;11.1;11.05;11.1;11.05;11.06252498;15010;166048.5;15/04/2019;11.05
15/04/2019;11.1;11.05;11.1;11.05;11.08092902;164732;1825383.6;12/04/2019;11.1
12/04/2019;11.05;11.1;11.1;11.05;11.07272727;11000;121800;11/04/2019;11.05
11/04/2019;11;11.05;11.05;11;11.01868043;128913;1420451.15;10/04/2019;11.05
10/04/2019;11.05;11.05;11.08;11.05;11.06875094;97145;1075273.81;9/04/2019;11.05
9/04/2019;11.1;11.05;11.1;11.05;11.05175497;65528;724199.4;8/04/2019;11.1
8/04/2019;11.1;11.1;11.1;11.1;11.1;104700;1162170;5/04/2019;11.15
5/04/2019;11.15;11.15;11.24;11.15;11.17932105;82627;923713.76;4/04/2019;11.2
4/04/2019;11.15;11.2;11.2;11.13;11.1668828;486840;5436485.22;3/04/2019;11.15
3/04/2019;11.05;11.15;11.17;11.05;11.13437079;535795;5965740.2;2/04/2019;11.05
2/04/2019;10.95;11.05;11.05;10.95;11.04030653;200114;2209319.9;1/04/2019;10.85
1/04/2019;10.85;10.85;10.85;10.85;10.85;103649;1124591.65;29/03/2019;10.85
29/03/2019;10.85;10.85;10.85;10.85;10.85;96028;1041903.8;28/03/2019;10.85
28/03/2019;10.9;10.85;10.9;10.85;10.85189597;209655;2275154.25;27/03/2019;10.9
27/03/2019;10.95;10.9;10.95;10.9;10.90849076;343120;3742921.35;26/03/2019;11
26/03/2019;11.05;11;11.1;11;11.01539212;55353;609735;25/03/2019;11.05
25/03/2019;11.15;11.05;11.15;11.05;11.08115299;118258;1310434.99;22/03/2019;11.15
22/03/2019;11.15;11.15;11.15;11.15;11.15;22016;245478.4;21/03/2019;11.18
21/03/2019;11.18;11.18;11.18;11.18;11.18;101470;1134434.6;20/03/2019;11.2
20/03/2019;11.24;11.2;11.25;11.2;11.23781905;36319;408146.35;19/03/2019;11.24
19/03/2019;11.24;11.24;11.24;11.24;11.24;63152;709828.48;18/03/2019;11.25
18/03/2019;11.24;11.25;11.25;11.24;11.24993753;800386;9004292.5;15/03/2019;11.19
15/03/2019;11.19;11.19;11.24;11.19;11.20149085;112459;1259708.46;14/03/2019;11.14
14/03/2019;11.14;11.14;11.14;11.14;11.14;19615;218511.1;13/03/2019;11.19
13/03/2019;11.2;11.19;11.2;11.19;11.19965434;83348;933468.79;12/03/2019;11.2
12/03/2019;11.21;11.2;11.3;11.2;11.27492791;1644390;18540378.7;11/03/2019;11.2
11/03/2019;11.15;11.2;11.2;11.15;11.18783108;148756;1664257;8/03/2019;11.2
8/03/2019;11.15;11.2;11.2;11.15;11.19747342;605602;6781212.3;7/03/2019;11.15
7/03/2019;11.05;11.15;11.15;11.05;11.06614415;225797;2498702.15;6/03/2019;11.05
6/03/2019;10.99;11.05;11.05;10.99;11.00556576;205273;2259145.5;5/03/2019;10.99
5/03/2019;11.2;10.99;11.2;10.95;11.00118869;677130;7449234.9;4/03/2019;11.25
4/03/2019;11.25;11.25;11.25;11.25;11.25;5000;56250;1/03/2019;11.3
1/03/2019;11.25;11.3;11.3;11.25;11.27641509;5300;59765;28/02/2019;11.25
28/02/2019;11.21;11.25;11.25;11.21;11.24954095;85916;966515.56;27/02/2019;11.25
27/02/2019;11.3;11.25;11.3;11.25;11.2875;40000;451500;26/02/2019;11.29
26/02/2019;11.3;11.29;11.3;11.29;11.29949668;906588;10243988.1;25/02/2019;11.3
25/02/2019;11.31;11.3;11.31;11.3;11.30019557;381452;4310482.2;22/02/2019;11.26
22/02/2019;11.2;11.26;11.26;11.2;11.21335227;88000;986775;21/02/2019;11.2
21/02/2019;11.2;11.2;11.2;11.15;11.19963481;504255;5647471.85;20/02/2019;11.2
20/02/2019;11.26;11.2;11.26;11.2;11.24719612;332493;3739613.98;19/02/2019;11.26
19/02/2019;11.2;11.26;11.35;11.2;11.30115066;242722;2743037.89;18/02/2019;11.2
18/02/2019;11.3;11.2;11.3;11.2;11.25025361;512600;5766880;15/02/2019;11.35
15/02/2019;11.39;11.35;11.4;11.35;11.38833333;6000;68330;14/02/2019;11.4
14/02/2019;11.36;11.4;11.4;11.36;11.39874418;891825;10165685.03;13/02/2019;11.36
13/02/2019;11.31;11.36;11.36;11.31;11.34234837;306408;3475386.28;12/02/2019;11.31
12/02/2019;11.3;11.31;11.31;11.3;11.30893087;43755;494822.27;11/02/2019;11.4
11/02/2019;11.4;11.4;11.4;11.4;11.4;5800;66120;8/02/2019;11.46
8/02/2019;11.46;11.46;11.46;11.46;11.46;6500;74490;7/02/2019;11.46
7/02/2019;11.35;11.46;11.51;11.35;11.43599191;543963;6220756.47;6/02/2019;11.3
6/02/2019;11.3;11.3;11.35;11.3;11.30402269;268477;3034870.1;5/02/2019;11.35
5/02/2019;11.55;11.35;11.55;11.35;11.47300751;246613;2829392.8;4/02/2019;11.55
4/02/2019;11.33;11.55;11.55;11.33;11.47305322;583476;6694251.2;1/02/2019;11.3
1/02/2019;10.7;11.3;11.45;10.7;11.11066936;636326;7070007.79;31/01/2019;10.56
31/01/2019;10.5;10.56;10.65;10.5;10.5745292;652133;6895999.45;30/01/2019;10.47
30/01/2019;10.45;10.47;10.53;10.45;10.47976606;368595;3862789.37;29/01/2019;10.45
29/01/2019;10.45;10.45;10.45;10.45;10.45;76000;794200;28/01/2019;10.45
28/01/2019;10.5;10.45;10.5;10.45;10.49568182;7700;80816.75;25/01/2019;10.55
25/01/2019;10.33;10.55;10.55;10.33;10.49038358;278170;2918110;24/01/2019;10.28
24/01/2019;10.25;10.28;10.33;10.25;10.27643662;146055;1500924.95;23/01/2019;10.2
23/01/2019;10.2;10.2;10.2;10.19;10.19972185;105052;1071501.18;22/01/2019;10.15
22/01/2019;10.15;10.15;10.15;10.15;10.15;1180;11977;21/01/2019;10.15
21/01/2019;10.15;10.15;10.15;10.15;10.15;15662;158969.3;18/01/2019;10.16
18/01/2019;10.2;10.16;10.2;10.16;10.19942601;55193;562936.92;17/01/2019;10.2
17/01/2019;10.2;10.2;10.25;10.2;10.20506948;33534;342216.8;16/01/2019;10.2
16/01/2019;10.2;10.2;10.2;10.2;10.2;61701;629350.2;15/01/2019;10.2
15/01/2019;10.2;10.2;10.2;10.2;10.2;9840;100368;14/01/2019;10.2
14/01/2019;10.12;10.2;10.2;10.12;10.16278963;16504;167726.68;11/01/2019;10.12
11/01/2019;10.15;10.12;10.15;10.12;10.13044923;80983;820394.17;10/01/2019;10.15
10/01/2019;10.1;10.15;10.15;10.1;10.11101783;59283;599411.47;9/01/2019;10.1
9/01/2019;10.05;10.1;10.1;10;10.05551645;358319;3603082.6;8/01/2019;10
8/01/2019;10;10;10;10;10;496806;4968060;7/01/2019;10
7/01/2019;10;10;10;9.99;9.999971093;588093;5880913;4/01/2019;10
4/01/2019;9.9;10;10;9.9;9.949452978;228510;2273549.5;3/01/2019;9.9
3/01/2019;9.9;9.9;9.9;9.9;9.9;7500;74250;2/01/2019;9.9
2/01/2019;9.9;9.9;9.9;9.9;9.9;8000;79200;28/12/2018;9.95
